BigBlueButtonBN,Fail,Faili esitamine,Foorum,Hindajaraport,Kaust,Kommentaarid tööle,Küsitlus,Leht,Logid,Minu hinderaport,Onlain teksti esitamine,Osalemine,Prügikast,Rühma valimine,Süsteem,Tagasiside,Tegevuste aruanne,Test,Tund,URL,Virtual programming lab,Õppijaraport,Ülesanne,Ülevaate aruanne,label,web,y
0.0,0.83,0.33,2.17,0.0,1.67,0.0,1.0,4.83,0.0,0.0,0.0,0.0,0.0,1.33,55.5,2.0,0.0,72.17,2.5,9.67,37.67,0.17,2.33,0.0,1,1,95.72
0.0,0.67,0.33,6.17,0.0,1.33,0.0,0.67,4.0,0.0,0.0,0.0,0.5,0.0,0.17,33.67,0.5,0.0,57.83,4.17,8.83,16.0,1.83,2.0,0.17,1,1,64.66
0.0,0.33,0.33,12.0,0.0,0.0,0.0,0.5,6.67,0.0,0.0,0.0,0.0,0.0,0.17,46.67,1.17,0.0,60.67,2.67,10.33,22.5,1.67,2.0,0.0,1,1,99.6
0.0,2.17,0.33,1.5,0.0,0.0,0.0,0.5,2.0,0.0,0.0,0.0,0.17,0.0,0.83,16.5,1.33,0.0,35.0,2.0,6.5,16.17,0.0,2.33,0.0,1,1,86.89
0.0,0.0,0.0,0.17,0.0,0.17,0.0,0.0,0.17,0.0,0.0,0.0,0.0,0.0,0.0,7.83,0.33,0.0,1.83,0.0,2.33,1.5,0.17,0.0,0.0,1,1,1.0
0.0,0.17,0.67,4.0,0.0,0.0,0.0,0.67,2.67,0.0,0.0,0.0,0.17,0.0,0.0,24.17,1.17,0.0,104.83,0.0,6.5,13.83,2.67,4.67,0.17,1,1,17.0
0.0,0.33,0.33,0.5,0.0,0.0,0.0,0.67,2.17,0.0,0.0,0.0,0.0,0.0,0.17,39.5,1.0,0.0,88.5,0.5,2.5,42.67,0.33,1.33,0.0,1,1,110.0
0.0,0.17,0.33,4.5,0.0,0.17,0.0,0.67,2.5,0.0,0.0,0.0,0.0,0.0,0.0,30.83,0.5,0.0,60.0,0.5,4.5,18.5,0.5,1.33,0.0,1,1,78.71
0.0,0.67,0.33,3.67,0.0,0.0,0.0,0.5,1.83,0.0,0.0,0.0,0.0,0.0,0.0,10.0,0.67,0.0,25.17,1.5,5.17,6.67,2.0,1.33,0.0,1,1,78.06
0.0,0.33,0.33,7.17,0.0,1.33,0.0,0.67,2.33,0.0,0.0,0.0,0.0,0.0,0.17,41.0,1.67,0.0,108.5,0.5,4.33,41.33,4.0,2.67,1.17,1,1,52.23
0.0,0.5,0.33,1.5,0.0,0.33,0.0,0.5,2.67,0.0,0.0,0.0,0.0,0.0,0.0,29.67,0.67,0.0,67.17,2.67,4.5,12.17,1.33,1.33,0.0,1,1,92.8
0.0,0.5,0.33,2.17,0.0,0.17,0.0,0.5,1.67,0.0,0.0,0.0,0.0,0.0,0.17,33.5,1.0,0.0,68.0,9.67,4.5,26.33,2.67,2.5,0.0,1,1,101.9
0.0,0.83,0.33,6.67,0.0,1.5,0.0,0.5,2.5,0.0,0.0,0.0,0.0,0.0,0.0,25.17,0.33,0.0,40.17,0.5,6.17,8.0,0.17,2.67,0.17,1,1,52.05
0.0,0.0,0.0,0.0,0.0,0.0,0.0,0.0,0.67,0.0,0.0,0.0,0.0,0.0,0.0,8.5,0.17,0.0,11.0,0.0,1.67,6.33,0.5,0.0,0.0,1,1,66.46
0.0,0.5,0.33,6.5,0.0,0.67,0.0,0.5,1.83,0.0,0.0,0.0,0.0,0.0,0.0,19.83,0.0,0.0,66.17,0.0,6.17,11.67,0.0,1.67,0.0,1,1,18.98
0.0,0.0,0.0,2.83,0.0,0.0,0.0,0.0,1.17,0.0,0.0,0.0,0.0,0.0,0.0,5.33,0.0,0.0,1.17,0.5,1.33,13.33,0.0,1.17,0.0,1,1,5.35
0.0,0.17,0.33,10.0,0.0,0.67,0.0,0.5,1.83,0.0,0.0,0.0,1.33,0.0,0.33,64.17,0.83,0.0,153.5,4.5,7.17,43.17,17.5,5.5,0.0,5,0,42.23
0.0,0.33,0.33,1.17,0.0,0.17,0.0,0.5,3.17,0.0,0.0,0.0,1.0,0.0,1.0,50.83,0.5,0.0,133.17,6.0,9.83,52.67,1.5,2.33,0.0,5,0,98.7
0.0,1.17,0.33,3.83,0.0,2.33,0.0,0.67,9.0,0.0,0.0,0.0,1.17,0.0,0.5,97.5,2.67,0.0,265.67,10.33,16.17,71.17,0.83,4.83,0.0,5,0,98.4
0.0,0.67,0.33,6.17,0.0,0.0,0.0,0.67,2.0,0.0,0.0,0.0,0.5,0.0,0.17,38.83,1.33,0.0,103.5,0.5,7.33,34.0,0.0,2.0,0.0,5,0,78.21
0.0,1.0,0.33,0.0,0.0,0.0,0.0,0.67,1.83,0.0,0.0,0.0,0.17,0.0,0.0,26.17,0.83,0.0,60.0,1.33,4.67,5.83,1.33,1.33,0.0,5,0,57.94
0.0,0.83,0.33,19.0,0.0,0.0,0.0,0.5,2.17,0.0,0.0,0.0,0.33,0.0,0.17,50.5,2.67,0.0,67.83,6.0,8.33,46.83,0.0,2.67,0.0,5,0,92.69
0.0,0.5,0.33,3.83,0.0,0.33,0.0,0.83,2.0,0.0,0.0,0.0,1.0,0.0,0.17,40.67,0.5,0.0,157.83,12.0,7.83,23.17,0.0,2.5,0.0,5,0,88.5
0.0,0.17,0.67,0.83,0.0,0.0,0.0,0.5,4.83,0.0,0.0,0.0,0.17,0.0,0.83,48.67,2.67,0.0,145.0,9.17,3.5,26.33,1.5,4.67,0.0,5,0,89.4
0.0,0.0,0.33,0.0,0.0,0.0,0.0,0.5,1.5,0.0,0.0,0.0,0.83,0.0,0.83,26.67,0.33,0.0,94.17,4.17,5.17,36.0,2.0,2.0,0.0,5,0,87.7
0.0,0.33,0.67,6.83,0.0,0.17,0.0,1.33,2.17,0.0,0.0,0.0,1.0,0.0,1.17,59.17,0.83,0.0,126.5,13.33,8.83,50.33,0.33,3.67,0.0,5,0,100.4
0.0,1.5,0.67,3.0,0.0,1.83,0.0,0.83,7.0,0.0,0.0,0.0,0.33,0.0,0.83,90.17,1.83,0.0,230.33,9.0,9.33,34.0,14.83,3.0,0.0,5,0,84.6
0.0,0.67,1.0,3.67,0.0,0.17,0.0,0.67,2.67,0.0,0.0,0.67,0.17,0.0,0.0,29.0,0.33,0.0,77.17,0.5,2.5,14.83,3.67,8.5,0.0,5,0,93.29
0.0,0.5,0.67,11.17,0.0,0.5,0.0,0.83,1.5,0.0,0.0,0.0,1.0,0.0,0.0,57.33,1.83,0.0,196.83,3.67,5.33,38.67,0.0,2.67,0.0,5,0,83.64
0.0,0.83,0.67,11.0,0.0,0.17,0.0,0.5,1.67,0.0,0.0,0.0,1.0,0.0,0.17,53.33,2.67,0.0,121.0,12.33,11.0,38.83,0.0,4.33,0.0,5,0,101.7
0.0,0.33,0.33,0.0,0.0,0.17,0.0,0.5,0.83,0.0,0.0,0.0,0.67,0.0,0.0,14.5,0.33,0.0,20.0,0.0,2.5,19.67,0.0,1.33,0.0,5,0,80.75
0.0,1.0,0.0,5.67,0.0,0.33,0.0,0.5,5.0,0.0,0.0,0.0,0.17,0.0,0.0,34.17,0.5,0.0,114.17,1.0,6.5,26.67,0.0,1.0,0.0,5,0,68.46
0.0,0.83,0.33,1.67,0.0,0.17,0.0,0.83,5.0,0.0,0.0,0.0,0.17,0.0,1.33,46.83,2.83,0.0,55.0,0.0,8.17,49.17,4.83,5.33,0.17,3,1,80.73
0.0,0.17,0.67,14.33,0.0,0.5,0.0,0.67,4.17,0.0,0.0,0.0,0.0,0.0,0.17,56.33,1.17,0.0,57.83,2.5,6.17,24.67,8.17,3.67,0.5,3,1,104.9
0.0,0.5,0.33,9.83,0.0,0.33,0.0,0.67,6.17,0.0,0.0,0.0,0.67,0.0,0.17,64.83,0.67,0.0,150.83,5.33,14.5,27.33,3.83,3.0,0.17,3,1,100.8
0.0,0.33,0.67,13.5,0.0,0.0,0.0,0.5,3.33,0.0,0.0,0.0,0.0,0.0,0.17,60.0,0.33,0.0,173.83,0.5,11.5,41.17,0.67,3.67,0.0,3,1,108.5
0.0,0.17,0.33,0.0,0.0,0.33,0.0,0.83,2.17,0.0,0.0,0.0,0.0,0.0,0.0,31.17,0.83,0.0,72.67,0.0,2.17,18.0,2.83,1.5,0.17,3,1,94.3
0.0,0.5,0.33,0.67,0.0,0.17,0.0,0.67,5.17,0.0,0.0,0.0,0.0,0.0,0.17,36.83,1.0,0.0,79.5,0.17,6.5,20.17,5.5,1.33,0.17,3,1,82.2
0.0,0.83,0.33,12.5,0.0,0.5,0.0,0.5,3.83,0.0,0.0,0.0,0.17,0.0,0.67,40.5,1.17,0.0,64.17,0.5,9.5,13.0,0.33,2.0,0.33,3,1,83.47
0.0,0.17,0.33,3.67,0.0,1.0,0.0,0.5,2.33,0.0,0.0,0.0,0.0,0.0,0.0,32.17,1.0,0.0,82.67,0.0,6.33,21.0,1.33,1.67,0.0,3,1,84.02
0.0,0.17,0.33,1.33,0.0,0.0,0.0,0.67,1.83,0.0,0.0,0.0,0.0,0.0,0.17,29.67,0.33,0.0,54.33,0.0,4.0,14.33,0.0,2.0,0.0,3,1,103.8
0.0,0.5,1.0,2.0,0.0,0.33,0.0,0.5,3.17,0.0,0.0,0.67,0.0,0.0,0.17,44.67,2.83,0.0,94.5,4.0,5.0,24.67,0.67,12.5,0.33,3,1,101.5
0.0,1.67,0.33,8.83,0.0,1.5,0.0,1.0,4.0,0.0,0.0,0.0,0.0,0.0,0.17,52.17,1.0,0.0,117.67,5.17,6.83,23.33,6.67,3.5,0.0,3,1,83.6
0.0,0.33,0.33,13.0,0.0,0.33,0.0,0.5,2.0,0.0,0.0,0.0,0.0,0.0,0.33,27.0,0.67,0.0,64.0,1.5,8.17,25.33,0.33,2.33,0.0,3,1,96.95
0.0,0.17,0.33,0.67,0.0,0.0,0.0,0.5,2.83,0.0,0.0,0.0,0.0,0.0,0.0,23.0,1.0,0.0,61.33,3.17,6.17,15.67,0.0,4.33,0.0,3,1,94.09
0.0,0.17,1.0,2.0,0.0,0.0,0.0,0.5,2.33,0.0,0.0,0.67,0.0,0.0,0.0,19.0,0.83,0.0,60.0,0.0,1.5,10.67,0.0,9.5,0.0,3,1,98.47
0.0,0.33,0.33,0.67,0.0,0.0,0.0,0.0,3.67,0.0,0.0,0.0,0.0,0.0,0.0,30.67,0.5,0.0,48.5,0.0,9.83,20.33,0.0,1.33,0.0,3,1,87.86
0.0,0.17,0.33,1.33,0.0,0.0,0.0,1.0,2.17,0.0,0.0,0.0,0.0,0.0,0.0,29.0,0.5,0.0,31.33,0.0,6.33,18.17,1.33,2.33,0.0,3,1,94.3
0.0,0.17,0.0,1.5,0.0,0.0,0.0,0.5,2.67,0.0,0.0,0.0,0.0,0.0,0.0,18.5,0.33,0.0,40.17,0.0,4.5,14.83,0.33,1.0,0.0,3,1,83.65
0.0,0.33,0.33,0.17,0.0,0.0,0.0,0.5,3.83,0.0,0.0,0.0,0.0,0.0,0.0,32.67,0.83,0.0,44.0,0.0,6.33,12.17,0.0,4.0,0.0,3,1,56.24
0.0,0.33,0.33,1.0,0.0,0.17,0.0,0.83,3.0,0.0,0.0,0.0,0.0,0.0,0.17,28.0,1.83,0.0,70.67,5.0,8.0,29.5,0.5,3.0,0.17,3,1,84.92
0.0,0.0,0.0,0.5,0.0,0.0,0.0,0.0,0.17,0.0,0.0,0.0,0.0,0.0,0.0,1.33,0.0,0.0,0.0,0.0,0.0,0.5,0.5,0.0,0.17,3,1,0.0
0.0,0.83,0.67,4.5,0.0,0.33,0.0,1.33,5.33,0.0,0.0,0.0,0.0,0.0,0.0,75.17,3.0,0.0,111.83,1.67,15.33,58.5,0.5,9.33,0.0,3,1,88.68
0.0,0.33,0.67,2.5,0.0,0.0,0.0,0.0,1.67,0.0,0.0,0.67,0.0,0.0,0.0,17.33,0.33,0.0,15.67,1.17,2.83,9.33,0.83,15.17,0.17,3,1,95.0
0.0,0.67,0.33,0.67,0.0,0.0,0.0,0.5,1.33,0.0,0.0,0.0,1.17,0.0,0.0,33.83,0.67,0.0,128.33,1.0,5.67,25.67,0.83,2.0,0.0,3,0,89.0
0.0,0.0,0.33,4.0,0.0,0.0,0.0,0.67,1.33,0.0,0.0,0.0,1.17,0.0,0.67,49.0,0.83,0.0,77.17,2.0,8.33,44.67,2.33,2.0,0.0,3,0,95.8
0.0,0.33,0.33,4.33,0.0,0.67,0.0,0.5,1.17,0.0,0.0,0.0,0.67,0.0,0.0,40.83,0.33,0.0,69.67,1.33,7.33,41.0,0.67,1.67,0.0,3,0,83.5
0.0,0.33,0.33,13.0,0.0,1.83,0.0,0.67,3.83,0.0,0.0,0.0,0.33,0.0,0.17,46.67,1.33,0.0,86.17,3.17,9.5,54.5,7.67,2.33,0.0,3,0,83.6
0.0,0.83,0.33,6.5,0.0,0.17,0.0,0.5,2.0,0.0,0.0,0.0,1.0,0.0,0.17,57.67,0.5,0.0,92.17,1.33,7.67,31.83,0.0,2.33,0.0,3,0,90.35
0.0,0.17,0.33,1.67,0.0,0.33,0.0,0.83,0.83,0.0,0.0,0.0,1.0,0.0,0.17,38.0,1.0,0.0,94.5,0.5,3.67,19.67,1.0,1.33,0.0,3,0,71.35
0.0,0.17,0.67,2.5,0.0,0.17,0.0,0.83,1.17,0.0,0.0,0.0,1.33,0.0,0.0,30.33,0.83,0.0,93.83,0.5,5.67,21.5,0.33,3.0,0.0,3,0,101.2
0.0,0.33,0.33,3.5,0.0,0.17,0.0,0.5,1.17,0.0,0.0,0.0,1.0,0.0,0.0,31.33,1.0,0.0,72.5,2.17,6.67,33.5,1.33,2.33,0.0,3,0,80.38
0.0,0.17,0.33,1.17,0.0,0.0,0.0,0.5,1.5,0.0,0.0,0.0,1.17,0.0,0.0,44.67,2.0,0.0,112.83,1.83,5.17,39.17,0.17,2.0,0.0,3,0,93.87
0.0,0.33,0.67,1.67,0.0,0.17,0.0,0.5,3.0,0.0,0.0,0.0,1.17,0.0,0.0,37.67,1.33,0.0,103.33,0.67,7.83,22.17,0.67,3.33,0.0,3,0,97.71
0.0,0.5,0.33,0.5,0.0,0.17,0.0,0.5,3.17,0.0,0.0,0.0,0.0,0.0,0.33,31.0,0.0,0.0,78.17,0.0,4.5,29.5,0.17,2.67,0.0,3,0,81.42
0.0,0.83,0.33,3.17,0.0,0.17,0.0,0.5,4.0,0.0,0.0,0.0,0.33,0.0,0.33,45.5,0.67,0.0,48.5,9.67,9.33,32.17,0.83,3.67,0.17,3,0,107.8
0.0,0.0,0.67,0.0,0.0,0.0,0.0,0.67,0.5,0.0,0.0,0.0,1.0,0.0,0.0,29.83,0.67,0.0,54.33,0.0,4.17,28.5,0.67,2.33,0.0,3,0,83.01
0.0,0.5,0.33,3.67,0.0,0.0,0.0,0.5,1.0,0.0,0.0,0.0,0.67,0.0,0.17,48.0,0.83,0.0,64.33,1.0,6.0,38.0,7.5,2.33,0.0,3,0,98.57
0.0,0.17,0.33,0.83,0.0,0.0,0.0,0.5,0.67,0.0,0.0,0.0,1.0,0.0,0.0,27.67,0.33,0.0,70.67,0.5,4.67,22.83,0.33,2.0,0.0,3,0,81.35
0.0,0.0,0.33,0.33,0.0,0.17,0.0,0.67,0.33,0.0,0.0,0.0,0.83,0.0,0.0,28.17,0.0,0.0,68.5,1.0,5.0,39.5,0.0,2.67,0.0,3,0,70.12
0.0,0.17,0.33,2.0,0.0,0.33,0.0,0.5,1.0,0.0,0.0,0.0,1.33,0.0,0.0,34.17,0.83,0.0,99.5,1.17,6.33,23.83,0.83,1.33,0.0,3,0,62.15
0.0,0.33,0.33,3.33,0.0,0.0,0.0,1.0,1.17,0.0,0.0,0.0,1.0,0.0,0.0,30.33,1.5,0.0,83.17,0.0,5.0,23.83,0.17,1.67,0.0,3,0,90.67
0.0,0.33,0.33,1.17,0.0,0.83,0.0,0.67,1.67,0.0,0.0,0.0,0.83,0.0,0.0,32.5,0.67,0.0,57.5,3.5,7.0,28.17,0.33,1.67,0.0,3,0,23.53
0.0,0.17,0.33,1.17,0.0,0.17,0.0,0.5,2.17,0.0,0.0,0.0,1.0,0.0,0.0,43.33,0.5,0.0,89.83,1.33,10.83,31.5,1.17,1.67,0.0,3,0,101.3
0.0,0.17,0.33,0.67,0.0,0.0,0.0,0.5,0.5,0.0,0.0,0.0,0.5,0.0,0.0,18.83,0.67,0.0,40.67,0.0,2.0,14.33,0.5,2.0,0.0,3,0,87.39
0.0,0.33,0.67,3.17,0.0,0.0,0.0,0.0,1.33,0.0,0.0,0.67,0.17,0.0,0.0,11.5,0.33,0.0,16.33,0.0,2.17,4.5,0.17,8.33,0.0,3,0,100.0
0.0,0.33,1.0,3.33,0.0,0.0,0.0,0.0,1.17,0.0,0.0,1.0,0.17,0.0,0.0,13.67,0.5,0.0,17.83,0.0,3.17,6.67,0.0,9.67,0.0,3,0,100.0
0.0,0.33,0.33,4.83,0.0,0.0,0.0,0.5,1.17,0.0,0.0,0.0,1.17,0.0,0.0,28.83,0.83,0.0,71.5,10.17,5.0,11.83,0.0,2.0,0.0,3,0,58.27
0.0,0.17,0.33,0.0,0.0,0.17,0.0,0.5,0.83,0.0,0.0,0.0,0.5,0.0,0.0,28.17,0.83,0.0,42.17,16.83,3.33,27.33,0.33,1.67,0.0,3,0,90.0
0.0,0.17,0.67,0.0,0.0,0.5,0.0,0.5,1.0,0.0,0.0,0.0,1.0,0.0,0.17,36.33,0.83,0.0,72.67,13.0,4.17,40.0,1.0,3.0,0.0,3,0,87.92
0.0,0.67,0.33,21.5,0.0,1.17,0.0,0.67,4.5,0.0,0.0,0.0,0.83,0.0,0.17,89.17,1.33,0.0,109.0,10.0,8.17,99.5,12.0,2.83,0.33,3,0,98.3
0.0,0.33,0.33,4.5,0.0,0.0,0.0,0.5,0.83,0.0,0.0,0.0,0.83,0.0,0.17,41.17,2.0,0.0,61.83,13.67,7.17,22.83,0.67,1.33,0.0,3,0,93.1
0.0,0.0,0.33,0.67,0.0,0.17,0.0,0.67,0.5,0.0,0.0,0.0,0.5,0.0,0.0,45.83,0.67,0.0,59.67,4.33,4.33,17.0,1.17,1.67,0.0,3,0,89.86
0.0,0.33,0.33,12.5,0.0,0.17,0.0,0.67,1.5,0.0,0.0,0.0,1.17,0.0,0.33,54.17,2.17,0.0,62.17,17.67,6.5,26.17,2.67,3.0,0.0,3,0,105.4
0.0,1.0,0.33,1.17,0.0,0.33,0.0,0.5,1.5,0.0,0.0,0.0,0.17,0.0,0.0,22.5,0.83,0.0,35.17,1.67,5.67,8.67,0.83,2.0,0.0,3,0,60.62
0.0,0.0,0.67,2.83,0.0,0.67,0.0,1.0,1.5,0.0,0.0,0.0,1.17,0.0,0.0,61.67,1.33,0.0,124.67,24.67,7.17,29.67,1.33,3.33,0.0,3,0,96.5
0.0,0.33,0.33,0.0,0.0,0.33,0.0,0.83,0.83,0.0,0.0,0.0,1.0,0.0,0.17,26.0,1.83,0.0,78.17,19.17,2.0,17.0,0.0,1.67,0.0,3,0,95.39
0.0,0.5,0.33,1.33,0.0,0.33,0.0,0.83,1.33,0.0,0.0,0.0,1.17,0.0,0.0,37.33,0.67,0.0,102.5,18.17,4.33,32.83,0.0,2.67,0.0,3,0,98.0
0.0,0.5,0.67,1.67,0.0,0.83,0.0,0.67,1.0,0.0,0.0,0.0,1.0,0.0,0.17,28.0,0.67,0.0,70.0,14.0,6.17,23.33,0.0,3.0,0.0,3,0,96.36
0.0,0.83,0.33,4.17,0.0,0.83,0.0,0.5,2.17,0.0,0.0,0.0,1.0,0.0,0.83,31.17,0.67,0.0,61.33,7.83,9.17,41.17,1.33,3.0,0.0,3,0,96.33
0.0,0.17,0.33,12.17,0.0,0.33,0.0,0.5,1.0,0.0,0.0,0.0,1.17,0.0,0.0,41.83,0.83,0.0,119.0,26.83,1.33,39.17,2.33,1.67,0.0,3,0,76.45
0.0,0.5,0.33,1.33,0.0,1.0,0.0,0.67,0.83,0.0,0.0,0.0,1.0,0.0,0.0,27.67,0.33,0.0,63.83,18.67,11.5,13.5,0.33,2.0,0.0,3,0,90.12
0.0,0.17,0.33,1.0,0.0,0.5,0.0,0.5,1.17,0.0,0.0,0.0,1.0,0.0,0.17,38.83,1.33,0.0,62.83,18.17,6.0,36.5,0.0,2.33,0.0,3,0,102.4
0.0,0.83,0.33,3.5,0.0,0.5,0.0,0.5,1.83,0.0,0.0,0.0,0.33,0.0,0.17,49.17,1.17,0.0,106.0,12.0,8.67,31.33,1.0,1.33,0.0,3,0,52.5
0.0,0.0,0.33,6.0,0.0,0.17,0.0,0.5,1.17,0.0,0.0,0.0,1.0,0.0,0.0,29.0,0.33,0.0,48.83,15.67,4.17,21.0,0.17,1.67,0.0,3,0,93.81
0.0,0.5,0.67,3.17,0.0,0.0,0.0,0.0,1.17,0.0,0.0,0.67,0.67,0.0,0.0,13.33,0.5,0.0,29.67,0.0,2.33,4.0,0.0,22.5,0.0,3,0,100.0
0.0,0.5,0.33,1.83,0.0,0.0,0.0,0.5,1.17,0.0,0.0,0.0,0.83,0.0,0.17,38.17,0.83,0.0,84.0,0.0,4.67,18.83,1.5,1.33,0.0,3,0,77.9
0.0,0.17,0.33,3.33,0.0,0.17,0.0,0.67,2.67,0.0,0.0,0.0,1.83,0.0,0.17,33.67,2.33,0.0,154.5,1.67,4.67,22.17,1.33,1.67,0.33,3,0,84.9
0.0,0.17,0.33,0.0,0.0,2.5,0.0,0.5,4.17,0.0,0.0,0.0,1.17,0.0,0.17,43.83,0.5,0.0,99.17,5.83,9.17,45.67,1.33,1.33,0.0,3,0,69.93
0.0,0.33,0.67,1.33,0.0,1.17,0.0,0.5,2.0,0.0,0.0,0.0,1.0,0.0,0.17,33.33,0.5,0.0,71.17,1.0,4.5,13.33,0.5,2.67,0.17,3,0,89.87
0.0,0.17,0.33,10.17,0.0,0.0,0.0,0.5,0.5,0.0,0.0,0.0,1.17,0.0,0.0,21.33,0.33,0.0,24.5,0.0,5.83,10.83,0.33,1.67,0.0,3,0,88.83
0.0,0.33,0.33,0.83,0.0,0.0,0.0,0.5,1.83,0.0,0.0,0.0,0.67,0.0,0.0,31.17,0.33,0.0,50.83,0.5,7.67,28.5,0.83,1.67,0.17,3,0,78.68
0.0,0.17,0.67,5.17,0.0,0.0,0.0,0.5,2.0,0.0,0.0,0.0,0.83,0.0,0.17,29.83,1.67,0.0,59.67,4.33,6.33,21.83,0.5,3.17,0.0,3,0,103.5
0.0,0.5,0.67,0.67,0.0,1.67,0.0,0.5,2.5,0.0,0.0,0.0,1.17,0.0,0.17,54.67,1.5,0.0,99.33,1.0,6.83,28.83,0.0,3.5,0.0,3,0,94.0
0.0,0.33,0.67,13.17,0.0,0.0,0.0,1.17,2.5,0.0,0.0,0.0,1.0,0.0,0.17,47.5,0.83,0.0,110.5,1.33,5.67,28.67,1.5,2.67,0.17,3,0,97.4
0.0,0.33,0.33,8.67,0.0,0.17,0.0,0.5,1.67,0.0,0.0,0.0,1.17,0.0,0.17,46.33,2.67,0.0,89.17,2.67,7.5,22.5,0.5,2.0,0.0,3,0,106.69
0.0,0.67,0.67,2.5,0.0,3.67,0.0,0.5,2.33,0.0,0.0,0.0,0.83,0.0,0.0,45.5,2.67,0.0,63.17,7.0,7.67,17.83,2.5,2.67,0.17,3,0,88.38
0.0,0.83,1.0,6.0,0.0,0.33,0.0,0.5,6.17,0.0,0.0,0.67,0.83,0.0,0.33,85.5,1.17,0.0,103.5,5.33,8.5,38.17,16.5,19.17,0.0,3,0,98.5
0.0,0.17,0.33,0.33,0.0,0.33,0.0,0.0,0.83,0.0,0.0,0.0,0.33,0.0,0.0,10.83,0.5,0.0,32.17,0.0,2.67,11.5,0.67,2.0,0.0,3,0,29.51
0.0,0.83,0.33,0.67,0.0,0.0,0.0,0.5,0.33,0.0,0.0,0.0,1.17,0.0,0.0,30.83,0.5,0.0,87.67,5.17,3.0,29.17,0.0,2.83,0.0,3,0,71.11
0.0,0.33,0.33,1.0,0.0,0.17,0.0,0.5,0.33,0.0,0.0,0.0,1.0,0.0,0.0,30.67,1.0,0.0,55.33,0.0,6.33,15.17,0.83,1.67,0.0,3,0,97.03
0.0,0.33,0.0,0.5,0.0,1.0,0.0,0.5,2.33,0.0,0.0,0.0,0.83,0.0,0.0,41.0,0.5,0.0,72.83,2.33,6.0,33.33,0.33,0.0,0.0,3,0,74.32
0.0,0.83,0.0,0.17,0.0,0.67,0.0,0.0,1.33,0.0,0.0,0.0,0.17,0.0,0.0,20.0,0.83,0.0,28.67,4.33,4.33,14.83,1.0,0.0,0.0,3,0,28.86
0.0,0.17,0.67,6.83,0.0,0.0,0.0,0.67,2.17,0.0,0.0,0.0,1.0,0.0,0.0,45.0,2.67,0.0,87.67,5.0,7.0,23.67,1.67,3.67,0.67,3,0,101.7
0.0,0.17,0.33,5.5,0.0,0.0,0.0,0.5,2.17,0.0,0.0,0.0,1.0,0.0,0.0,32.0,1.0,0.0,52.0,1.67,6.0,32.67,0.0,1.33,0.0,3,0,99.08
0.0,0.17,0.33,0.33,0.0,0.0,0.0,0.5,0.5,0.0,0.0,0.0,0.83,0.0,0.0,21.5,0.67,0.0,60.83,3.83,4.0,15.83,0.33,1.67,0.0,3,0,91.58
0.0,0.33,0.33,2.0,0.0,0.67,0.0,0.5,0.83,0.0,0.0,0.0,0.83,0.0,0.0,35.67,1.0,0.0,58.83,9.17,4.5,29.33,0.0,1.33,0.0,3,0,27.04
0.0,0.83,0.67,0.0,0.0,0.0,0.0,0.0,1.0,0.0,0.0,0.67,0.0,0.0,0.0,21.5,0.5,0.0,19.83,0.0,1.33,9.33,0.0,12.83,0.0,3,0,91.0
0.0,1.17,0.67,6.33,0.0,3.0,0.0,0.5,2.0,0.0,0.0,0.0,1.5,0.0,0.17,80.17,1.83,0.0,94.33,2.17,5.17,45.17,9.33,5.83,0.17,3,0,90.0
0.0,0.17,0.33,0.0,0.0,0.17,0.0,0.67,1.0,0.0,0.0,0.0,0.67,0.0,0.0,33.5,1.33,0.0,63.67,4.33,4.33,29.17,0.83,1.33,0.0,3,0,97.3
0.0,0.5,0.33,7.5,0.0,0.17,0.0,0.5,1.67,0.0,0.0,0.0,0.83,0.0,0.0,23.67,1.0,0.0,40.17,0.5,4.67,27.83,0.5,2.33,0.0,3,0,74.02
0.0,0.33,0.33,6.67,0.0,0.17,0.0,0.67,1.5,0.0,0.0,0.0,1.33,0.0,1.17,79.0,2.0,0.0,156.67,3.17,6.17,37.17,6.0,2.67,0.0,3,0,97.2
0.0,0.17,1.0,0.67,0.0,0.0,0.0,0.67,1.0,0.0,0.0,0.67,0.83,0.0,0.83,20.17,0.5,0.0,75.33,0.0,2.33,15.67,0.83,5.67,0.0,3,0,98.3
0.0,0.17,0.33,0.17,0.0,0.0,0.0,0.5,0.33,0.0,0.0,0.0,1.0,0.0,0.67,30.83,1.83,0.0,45.83,0.0,2.0,35.0,1.67,2.0,0.0,3,0,105.83
0.0,0.5,0.33,4.83,0.0,0.0,0.0,0.67,1.33,0.0,0.0,0.0,0.83,0.0,0.0,37.67,1.17,0.0,46.5,0.17,11.83,14.0,0.0,2.33,0.0,3,0,74.61
0.0,0.33,0.33,0.33,0.0,0.0,0.0,0.5,0.83,0.0,0.0,0.0,0.83,0.0,1.0,24.17,0.33,0.0,62.0,0.0,2.17,19.33,0.17,2.0,0.0,3,0,98.53
0.0,1.0,0.33,3.5,0.0,0.0,0.0,0.5,1.33,0.0,0.0,0.0,0.67,0.0,0.17,39.5,0.67,0.0,82.33,6.17,7.67,36.0,2.83,1.67,0.0,3,0,88.8
0.0,0.67,0.33,1.67,0.0,0.33,0.0,0.67,1.67,0.0,0.0,0.0,1.0,0.0,0.0,30.83,0.67,0.0,83.33,1.67,6.5,14.5,0.83,1.33,0.0,3,0,81.6
0.0,0.33,0.33,1.0,0.0,0.33,0.0,0.5,0.5,0.0,0.0,0.0,0.5,0.0,0.0,28.17,0.5,0.0,68.0,0.83,4.17,22.5,0.5,1.33,0.0,3,0,88.3
0.0,0.67,1.33,1.67,0.0,0.0,0.0,0.0,1.17,0.0,0.0,1.33,0.0,0.0,0.0,15.0,0.17,0.0,8.33,0.0,0.33,0.33,5.0,36.0,0.17,3,0,95.0
0.0,0.33,0.67,0.17,0.0,0.5,0.0,0.5,1.5,0.0,0.0,0.0,1.0,0.0,0.0,27.17,1.17,0.0,40.5,2.5,7.17,21.0,0.0,3.0,0.0,3,0,97.87
0.0,0.0,0.33,1.17,0.0,0.0,0.0,0.5,0.5,0.0,0.0,0.0,0.67,0.0,0.0,18.67,0.33,0.0,43.17,0.5,3.17,7.33,0.0,1.33,0.0,3,0,25.51
0.0,0.67,0.33,1.33,0.0,0.17,0.0,0.67,1.0,0.0,0.0,0.0,1.0,0.0,0.0,48.67,0.5,0.0,44.5,1.33,4.83,17.5,0.0,2.33,0.0,3,0,94.11
0.0,0.17,0.67,0.0,0.0,0.0,0.0,0.67,2.83,0.0,0.0,0.0,0.83,0.0,0.0,32.0,0.67,0.0,71.5,0.5,6.33,18.83,0.17,5.0,0.0,3,0,41.64
0.0,0.5,0.67,3.67,0.0,0.17,0.0,0.17,1.0,0.0,0.0,0.67,0.17,0.0,0.0,22.67,0.33,0.0,36.17,0.5,3.17,9.0,0.5,11.33,0.0,3,0,99.0
0.0,0.33,0.67,7.33,0.0,0.0,0.0,0.0,1.67,0.0,0.0,0.67,0.33,0.0,0.0,18.67,0.5,0.0,28.17,0.5,3.17,8.5,0.83,10.0,0.0,3,0,90.0
0.0,0.0,0.0,0.0,0.0,0.0,0.0,0.0,0.5,0.0,0.0,0.0,0.0,0.0,0.0,3.17,0.0,0.0,11.17,0.0,0.0,4.0,0.0,0.33,0.0,3,0,47.33
0.0,0.0,0.33,3.83,0.0,0.33,0.0,0.5,1.0,0.0,0.0,0.0,1.0,0.0,0.0,28.5,1.83,0.0,51.17,17.67,5.17,26.67,1.17,1.33,0.33,2,0,104.9
0.0,0.83,0.33,0.67,0.0,0.17,0.0,0.67,2.33,0.0,0.0,0.0,0.33,0.0,0.0,27.67,0.33,0.0,75.67,0.5,8.5,20.17,2.33,1.33,0.0,2,0,65.78
0.0,0.33,0.33,0.5,0.0,0.33,0.0,0.67,2.17,0.0,0.0,0.0,1.33,0.0,0.17,24.17,0.67,0.0,26.83,2.83,7.5,15.67,3.17,1.67,0.0,2,0,85.74
0.0,1.5,0.67,0.5,0.0,2.33,0.0,0.67,3.17,0.0,0.0,0.0,1.0,0.0,0.5,68.17,2.17,0.0,107.83,12.5,11.17,51.0,0.0,3.33,0.0,2,0,77.59
0.0,0.33,0.33,6.67,0.0,0.0,0.0,0.5,3.67,0.0,0.0,0.0,0.83,0.0,0.33,40.83,0.5,0.0,56.5,13.67,7.0,19.33,1.0,2.67,0.17,2,0,67.07
0.0,0.33,0.67,8.83,0.0,0.17,0.0,0.67,1.67,0.0,0.0,0.0,0.83,0.0,1.0,50.67,1.33,0.0,90.5,7.83,10.0,43.33,1.67,4.0,0.0,2,0,86.91
0.0,0.5,0.33,1.0,0.0,0.0,0.0,0.67,0.83,0.0,0.0,0.0,0.83,0.0,0.33,28.0,1.0,0.0,43.17,16.83,3.33,29.5,0.5,2.17,0.17,2,0,95.03
0.0,0.83,0.33,5.33,0.0,0.0,0.0,0.67,1.33,0.0,0.0,0.0,0.67,0.0,0.0,34.0,0.67,0.0,90.33,4.5,9.33,38.17,1.17,1.67,0.0,2,0,94.3
0.0,0.5,0.67,18.83,0.0,0.5,0.0,0.67,2.67,0.0,0.0,0.0,1.0,0.0,1.33,64.5,1.33,0.0,92.67,7.17,8.83,42.0,1.0,4.33,0.0,2,0,95.6
0.0,0.0,0.33,0.5,0.0,0.17,0.0,0.0,2.33,0.0,0.0,0.0,0.83,0.0,0.17,33.33,1.0,0.0,131.5,6.67,4.33,12.33,0.0,1.67,0.0,2,0,75.52
0.0,0.33,0.33,2.17,0.0,0.0,0.0,0.5,1.5,0.0,0.0,0.0,1.0,0.0,0.0,24.0,0.67,0.0,47.0,10.5,7.5,20.0,0.67,1.67,0.0,2,0,71.9
0.0,0.0,0.0,13.0,0.0,0.17,0.0,0.33,0.83,0.0,0.0,0.0,0.0,0.0,0.0,32.0,0.5,0.0,47.17,0.0,8.5,13.5,0.5,0.17,0.0,2,0,67.23
0.0,0.17,0.33,0.0,0.0,0.0,0.0,0.5,0.33,0.0,0.0,0.0,0.67,0.0,0.0,20.5,0.33,0.0,46.17,1.17,3.17,18.67,0.0,1.33,0.0,2,0,94.73
0.0,0.67,0.67,0.17,0.0,1.5,0.0,0.5,3.33,0.0,0.0,0.0,1.0,0.0,0.0,38.5,1.5,0.0,72.5,39.67,7.33,20.33,0.17,4.67,0.17,2,0,93.7
0.0,0.0,0.0,0.5,0.0,0.0,0.0,0.0,0.0,0.0,0.0,0.0,0.0,0.0,0.0,0.5,0.0,0.0,0.0,0.0,0.17,0.0,0.0,0.0,0.0,2,0,0.0
0.0,0.0,0.67,1.33,0.0,0.17,0.0,0.5,1.0,0.0,0.0,0.33,0.5,0.0,0.0,10.17,0.33,0.0,12.17,0.0,2.67,6.5,0.67,4.67,0.0,2,0,49.33
0.0,0.83,0.33,1.17,0.0,0.33,0.0,0.67,2.0,0.0,0.0,0.0,0.5,0.0,0.17,45.83,0.83,0.0,72.83,14.33,6.33,17.17,1.17,2.67,0.0,2,0,94.79
0.0,0.33,0.33,0.33,0.0,0.17,0.0,0.0,0.5,0.0,0.0,0.0,0.67,0.0,0.33,21.5,0.33,0.0,46.83,12.83,2.33,12.5,0.33,2.33,0.0,2,0,85.5
0.0,0.33,0.33,0.0,0.0,0.0,0.0,0.67,0.67,0.0,0.0,0.0,0.83,0.0,0.33,29.33,2.0,0.0,55.5,20.33,5.67,29.33,0.5,2.67,0.0,2,0,100.67
0.0,0.17,0.67,2.17,0.0,0.17,0.0,0.0,1.0,0.0,0.0,0.0,0.67,0.0,0.0,28.67,0.5,0.0,104.67,2.17,6.0,16.67,0.0,3.33,0.0,2,0,68.82
0.0,1.0,0.33,12.83,0.0,0.33,0.0,0.67,2.83,0.0,0.0,0.0,0.83,0.0,0.33,64.33,0.5,0.0,104.17,39.17,10.33,28.83,0.17,2.0,0.0,2,0,99.5
0.0,0.5,1.0,4.83,0.0,0.33,0.0,0.5,1.83,0.0,0.0,0.0,1.0,0.0,0.17,39.17,0.67,0.0,71.67,7.5,7.83,25.5,0.83,4.0,0.0,2,0,102.0
0.0,0.33,0.33,1.0,0.0,0.5,0.0,0.5,0.83,0.0,0.0,0.0,1.0,0.0,0.0,24.0,1.33,0.0,78.83,15.17,3.83,17.67,1.33,1.67,0.0,2,0,87.48
0.0,0.67,1.33,3.0,0.0,0.5,0.0,0.5,1.33,0.0,0.0,1.0,1.0,0.0,0.0,30.33,0.83,0.0,59.0,11.0,7.33,31.17,1.83,7.5,0.0,2,0,101.3
0.0,1.17,0.33,6.5,0.0,0.0,0.0,0.83,2.0,0.0,0.0,0.0,1.0,0.0,0.33,34.67,0.83,0.0,69.17,21.5,6.33,9.0,0.5,1.33,0.0,2,0,97.5
0.0,0.5,0.67,0.83,0.0,0.0,0.0,0.67,2.0,0.0,0.0,0.0,1.0,0.0,0.0,40.0,0.83,0.0,82.67,2.33,5.67,34.0,0.0,3.67,0.0,2,0,109.4
0.0,0.83,0.33,7.33,0.0,0.67,0.0,0.83,1.5,0.0,0.0,0.0,1.0,0.0,0.0,50.33,0.83,0.0,73.33,37.0,6.83,47.17,0.5,1.5,0.0,2,0,68.76
0.0,0.0,0.33,3.5,0.0,0.5,0.0,0.5,1.0,0.0,0.0,0.0,0.83,0.0,0.0,24.67,1.0,0.0,59.0,10.0,5.67,10.5,0.0,1.33,0.0,2,0,56.91
0.0,0.0,0.0,1.0,0.0,0.33,0.0,0.0,0.83,0.0,0.0,0.0,0.17,0.0,0.0,13.33,0.5,0.0,32.83,0.5,4.33,12.83,0.67,0.0,0.0,2,0,5.13
0.0,0.17,0.67,5.5,0.0,0.0,0.0,0.5,0.67,0.0,0.0,0.0,0.5,0.0,0.17,16.0,1.17,0.0,39.83,4.83,2.33,19.67,0.0,3.0,0.0,2,0,87.22
0.0,0.33,0.33,2.17,0.0,0.0,0.0,0.5,1.83,0.0,0.0,0.0,0.67,0.0,0.67,24.83,1.17,0.0,50.83,18.17,6.33,31.83,1.17,1.33,0.0,2,0,64.65
0.0,1.17,0.67,5.0,0.0,0.83,0.0,0.5,6.0,0.0,0.0,0.0,1.0,0.0,0.33,61.33,2.83,0.0,117.17,17.83,9.5,41.67,3.5,3.0,0.0,2,0,83.6
0.0,0.5,0.33,1.0,0.0,0.0,0.0,0.67,1.0,0.0,0.0,0.0,1.0,0.0,0.0,41.17,0.83,0.0,72.33,17.17,8.67,24.0,0.0,1.67,0.0,2,0,105.32
0.0,0.5,0.33,1.83,0.0,0.0,0.0,0.67,2.17,0.0,0.0,0.0,0.17,0.0,0.0,27.83,1.17,0.0,58.83,0.0,4.33,11.67,1.67,2.0,0.17,2,0,61.2
0.0,0.83,0.33,2.5,0.0,0.17,0.0,0.67,1.83,0.0,0.0,0.0,0.83,0.0,0.67,45.67,1.33,0.0,93.33,9.67,5.67,17.83,0.17,2.0,0.17,2,0,68.22
0.0,0.5,0.33,0.0,0.0,0.0,0.0,0.83,2.83,0.0,0.0,0.0,1.0,0.0,0.33,52.67,0.67,0.0,147.0,10.67,7.5,43.33,0.0,1.33,0.0,2,0,89.04
0.0,0.67,0.33,5.0,0.0,0.17,0.0,0.33,3.0,0.0,0.0,0.0,0.33,0.0,0.0,52.17,1.83,0.0,88.5,1.33,6.5,22.17,0.17,2.33,0.0,2,0,60.18
0.0,0.67,0.33,0.0,0.0,0.0,0.0,0.67,0.5,0.0,0.0,0.0,0.67,0.0,0.0,9.83,0.0,0.0,18.67,4.0,2.67,4.33,0.5,1.67,0.0,2,0,5.08
0.0,0.67,0.33,13.17,0.0,0.0,0.0,0.67,2.33,0.0,0.0,0.0,0.83,0.0,0.0,47.17,2.5,0.0,77.17,14.5,8.33,22.17,0.67,2.67,0.0,2,0,73.13
0.0,0.67,0.33,0.17,0.0,0.0,0.0,0.5,1.83,0.0,0.0,0.0,1.0,0.0,0.0,31.5,0.33,0.0,64.83,5.83,3.5,21.33,0.0,2.0,0.0,2,0,83.34
0.0,0.0,0.33,1.83,0.0,0.17,0.0,0.67,1.83,0.0,0.0,0.0,1.17,0.0,0.0,19.33,0.67,0.0,72.33,12.33,5.5,28.17,0.33,1.67,0.0,2,0,95.8
0.0,0.5,0.33,3.5,0.0,0.17,0.0,0.5,3.67,0.0,0.0,0.0,0.67,0.0,0.17,31.17,1.33,0.0,137.83,0.5,9.5,20.5,2.0,2.0,0.0,2,0,96.4
0.0,0.67,1.33,14.67,0.0,0.5,0.0,0.5,1.83,0.0,0.0,0.67,0.67,0.0,0.33,30.0,0.83,0.0,57.33,17.83,7.17,36.83,0.0,8.5,0.0,4,0,105.0
0.0,0.5,0.67,16.33,0.0,0.5,0.0,0.83,3.83,0.0,0.0,0.0,1.0,0.0,0.5,48.33,0.67,0.0,109.0,8.17,9.67,29.83,0.0,3.33,0.0,4,0,71.68
0.0,0.17,1.33,0.67,0.0,3.5,0.0,0.5,3.67,0.0,0.0,0.0,1.17,0.0,0.0,49.5,0.33,0.0,111.17,15.83,8.0,28.67,0.0,6.67,0.0,4,0,58.07
0.0,0.17,1.0,0.17,0.0,0.17,0.0,0.67,2.17,0.0,0.0,0.0,1.0,0.0,1.0,73.67,2.0,0.0,135.67,15.67,9.17,37.83,0.0,4.0,0.0,4,0,76.7
0.0,0.33,0.67,0.0,0.0,0.67,0.0,0.5,1.17,0.0,0.0,0.0,1.0,0.0,0.33,47.17,1.5,0.0,132.67,23.0,8.17,35.83,3.33,3.0,0.33,4,0,94.2
0.0,0.0,0.33,1.0,0.0,0.0,0.0,0.67,1.0,0.0,0.0,0.0,1.0,0.0,0.0,18.33,0.5,0.0,44.17,10.5,5.33,27.17,0.0,1.67,0.0,4,0,78.31
0.0,0.17,0.67,15.0,0.0,0.17,0.0,0.5,4.67,0.0,0.0,0.0,1.17,0.0,0.17,84.0,2.5,0.0,100.67,28.83,11.0,81.67,11.67,5.0,0.67,4,0,101.4
0.0,0.17,0.67,4.5,0.0,1.17,0.0,0.5,2.83,0.0,0.0,0.0,0.67,0.0,1.0,61.5,0.33,0.0,147.33,18.67,12.17,82.0,0.0,5.17,0.0,4,0,76.5
0.0,0.33,1.33,1.83,0.0,1.33,0.0,0.67,4.0,0.0,0.0,0.0,1.5,0.0,0.17,52.5,0.83,0.0,94.0,13.17,6.5,51.0,0.0,5.33,0.0,4,0,75.79
0.0,0.33,0.33,6.0,0.0,0.5,0.0,0.5,0.83,0.0,0.0,0.0,1.0,0.0,0.17,39.33,0.83,0.0,75.33,16.17,7.83,35.83,0.0,1.67,0.0,4,0,101.61
0.0,0.17,0.33,0.33,0.0,0.33,0.0,0.67,1.33,0.0,0.0,0.0,1.0,0.0,0.0,25.0,0.67,0.0,69.33,21.33,4.33,25.0,0.5,1.33,0.0,4,0,101.1
0.0,0.17,0.33,5.0,0.0,0.83,0.0,0.83,2.0,0.0,0.0,0.0,1.33,0.0,0.17,38.5,0.67,0.0,76.5,17.33,13.33,54.5,0.0,2.0,0.0,4,0,50.1
0.0,0.67,0.33,3.0,0.0,0.17,0.0,0.5,3.33,0.0,0.0,0.0,0.67,0.0,0.17,14.5,0.5,0.0,34.17,24.5,5.83,39.0,0.0,2.0,0.0,4,0,108.0
0.0,0.33,0.67,15.33,0.0,0.33,0.0,0.83,2.0,0.0,0.0,0.0,1.0,0.0,0.33,61.17,2.5,0.0,144.5,10.5,7.67,37.67,0.0,4.33,0.0,4,0,98.2
0.0,0.17,0.67,9.33,0.0,1.17,0.0,0.83,2.5,0.0,0.0,0.0,0.67,0.0,0.0,48.83,0.33,0.0,110.67,19.33,7.5,37.17,2.17,3.0,0.0,4,0,85.79
0.0,0.5,0.67,4.33,0.0,0.67,0.0,0.83,2.17,0.0,0.0,0.0,1.0,0.0,0.0,43.33,2.5,0.0,126.0,27.33,7.0,32.5,1.67,3.67,0.33,4,0,99.7
0.0,0.33,0.33,0.33,0.0,0.17,0.0,0.5,1.17,0.0,0.0,0.0,0.0,0.0,0.0,31.83,1.33,0.0,78.67,36.67,2.83,32.5,0.0,1.33,0.0,4,0,60.05
0.0,0.33,1.67,4.83,0.0,0.17,0.0,0.0,1.33,0.0,0.0,1.67,0.17,0.0,0.0,36.0,2.0,0.0,23.0,9.33,3.33,21.67,5.67,27.33,2.0,4,0,95.0
0.0,0.67,0.67,3.0,0.0,0.0,0.0,0.5,2.83,0.0,0.0,0.0,1.5,0.0,0.33,54.17,1.33,0.0,109.5,8.0,6.83,30.0,3.0,4.5,0.0,5,0,88.7
0.0,0.17,0.0,2.33,0.0,3.33,0.0,0.0,1.5,0.0,0.0,0.0,0.83,0.0,0.33,15.5,0.67,0.0,34.33,5.83,4.0,24.17,0.0,1.0,0.0,5,0,91.08
0.0,1.5,0.67,8.33,0.0,4.0,0.0,0.67,5.0,0.0,0.0,0.0,0.33,0.0,0.17,97.5,2.67,0.0,616.0,14.83,15.0,61.83,34.83,5.5,0.0,5,0,67.3
0.0,0.5,0.67,17.0,0.0,0.83,0.0,0.5,4.33,0.0,0.0,0.0,0.5,0.0,0.17,66.33,1.67,0.0,75.33,20.5,8.67,23.0,4.5,4.5,0.83,5,0,101.5
0.0,0.5,0.67,10.0,0.0,3.83,0.0,0.67,4.33,0.0,0.0,0.0,0.83,0.0,0.33,70.83,2.5,0.0,196.17,8.0,9.0,30.83,5.17,3.33,0.0,5,0,80.55
0.0,0.0,0.33,5.0,0.0,0.0,0.0,0.5,0.5,0.0,0.0,0.0,0.5,0.0,0.67,19.17,0.0,0.0,32.33,4.33,1.17,14.5,7.0,2.33,0.0,5,0,79.63
0.0,0.17,0.33,3.83,0.0,0.0,0.0,0.5,2.67,0.0,0.0,0.0,1.0,0.0,0.83,75.83,2.0,0.0,178.5,7.83,7.67,53.67,4.67,2.0,0.0,5,0,85.2
0.0,0.33,0.33,2.83,0.0,0.83,0.0,0.67,1.33,0.0,0.0,0.0,1.33,0.0,0.17,24.67,2.0,0.0,42.33,4.5,9.33,13.33,0.0,2.33,0.0,5,0,71.8
0.0,0.67,0.67,10.33,0.0,0.5,0.0,0.67,1.67,0.0,0.0,0.0,1.0,0.0,0.17,60.33,1.33,0.0,87.83,16.5,6.17,55.83,12.67,5.83,0.5,5,0,100.9
0.0,0.5,0.33,11.5,0.0,0.0,0.0,0.5,1.33,0.0,0.0,0.0,1.0,0.0,0.0,38.33,1.83,0.0,56.83,6.67,4.5,19.5,1.83,1.33,0.0,5,0,65.37
0.0,0.33,0.33,2.33,0.0,0.0,0.0,0.5,1.83,0.0,0.0,0.0,0.17,0.0,0.17,34.0,0.83,0.0,57.67,3.0,5.33,19.17,2.83,1.33,0.0,5,0,95.33
0.0,0.33,0.0,5.33,0.0,0.33,0.0,0.0,0.33,0.0,0.0,0.0,0.33,0.0,0.0,14.83,0.33,0.0,9.0,0.0,4.17,7.0,0.17,0.0,0.0,5,0,1.45
0.0,0.67,0.33,1.17,0.0,0.0,0.0,0.5,1.33,0.0,0.0,0.0,1.17,0.0,0.17,29.17,0.5,0.0,60.17,5.33,9.33,13.67,0.0,1.33,0.0,5,0,68.21
0.0,0.0,0.67,3.5,0.0,0.33,0.0,0.67,1.67,0.0,0.0,0.0,0.67,0.0,0.0,31.0,0.33,0.0,81.83,0.0,5.17,22.83,0.0,3.0,0.0,5,0,86.28
0.0,1.0,0.33,11.67,0.0,0.83,0.0,0.83,2.0,0.0,0.0,0.0,1.0,0.0,0.0,37.33,0.5,0.0,45.17,8.17,5.0,31.17,1.0,1.67,0.0,5,0,91.0
0.0,0.33,0.0,6.33,0.0,0.0,0.0,0.0,1.17,0.0,0.0,0.0,0.0,0.0,0.0,10.33,0.33,0.0,15.67,0.0,1.67,2.67,0.0,0.33,0.0,5,0,0.5
0.0,0.5,0.0,0.5,0.0,1.0,0.0,0.0,2.17,0.0,0.0,0.0,0.5,0.0,0.0,27.83,1.67,0.0,53.67,5.0,4.83,20.17,0.0,0.0,0.0,5,0,4.25
0.0,0.0,0.0,2.5,0.0,0.33,0.0,0.0,2.17,0.0,0.0,0.0,0.33,0.0,0.0,32.67,1.17,0.0,86.5,1.33,9.17,18.33,2.83,0.67,0.0,5,0,4.18
0.0,1.5,0.33,15.83,0.0,1.67,0.0,0.67,5.33,0.0,0.0,0.0,0.17,0.0,0.0,59.67,1.17,0.0,219.0,39.67,9.17,41.83,2.17,2.83,0.0,3,0,102.0
0.0,0.33,1.0,4.33,0.0,0.33,0.0,0.5,3.0,0.0,0.0,0.67,0.67,0.0,0.67,34.67,2.5,0.0,71.5,23.5,5.0,32.0,0.67,7.33,0.0,3,0,102.84
0.0,2.17,0.67,19.0,0.0,0.83,0.0,0.5,4.17,0.0,0.0,0.0,1.0,0.0,0.17,55.67,1.5,0.0,117.17,47.33,13.0,75.33,0.0,3.33,0.0,3,0,95.5
0.0,0.67,0.67,9.17,0.0,0.5,0.0,0.5,2.67,0.0,0.0,0.0,1.0,0.0,0.83,43.83,1.17,0.0,178.67,22.33,3.83,59.33,2.0,4.17,0.0,3,0,95.68
0.0,0.33,1.33,1.33,0.0,0.5,0.0,0.5,1.0,0.0,0.0,0.67,1.0,0.0,1.0,26.83,0.33,0.0,61.0,29.67,1.5,26.17,0.17,8.33,0.0,3,0,103.2
0.0,1.17,0.33,1.33,0.0,0.17,0.0,0.5,0.67,0.0,0.0,0.0,0.17,0.0,0.0,24.83,0.5,0.0,33.83,29.5,2.83,18.33,0.83,1.67,0.0,3,0,51.02
0.0,0.17,0.0,12.83,0.0,0.0,0.0,0.5,1.17,0.0,0.0,0.0,0.17,0.0,0.0,41.83,0.5,0.0,130.83,18.5,4.0,37.67,0.0,0.0,0.0,3,0,93.93
0.0,0.0,0.33,1.83,0.0,0.33,0.0,0.17,1.33,0.0,0.0,0.0,0.67,0.0,0.0,43.17,0.5,0.0,65.83,33.0,7.33,25.67,5.33,2.33,0.33,3,0,100.5
0.0,0.17,0.67,1.67,0.0,2.5,0.0,0.5,1.83,0.0,0.0,0.0,0.67,0.0,0.0,39.5,0.83,0.0,184.83,13.83,7.5,79.0,0.0,3.5,0.0,3,0,75.82
0.0,0.17,0.33,12.17,0.0,0.33,0.0,0.5,1.83,0.0,0.0,0.0,1.17,0.0,0.0,25.83,2.83,0.0,74.83,23.17,4.67,18.17,0.67,2.0,0.17,3,0,98.47
0.0,0.67,0.67,4.67,0.0,0.5,0.0,0.67,2.5,0.0,0.0,0.0,1.0,0.0,0.0,46.83,2.0,0.0,54.5,23.0,9.0,37.67,2.17,5.0,0.17,3,0,102.18
0.0,0.0,0.67,3.83,0.0,0.33,0.0,0.5,1.67,0.0,0.0,0.0,0.5,0.0,0.0,32.0,1.33,0.0,64.83,18.0,3.33,22.0,0.0,2.67,0.0,3,0,101.6
0.0,0.5,0.33,6.17,0.0,0.5,0.0,0.5,3.5,0.0,0.0,0.0,0.5,0.0,0.0,56.5,0.83,0.0,91.5,16.5,12.0,38.83,1.33,1.67,0.0,3,0,100.0
0.0,0.67,0.67,0.33,0.0,0.67,0.17,0.67,1.5,0.0,0.0,0.67,0.67,0.0,0.0,24.83,1.0,0.0,41.0,21.5,2.17,27.5,1.5,6.83,0.33,3,0,71.13
0.0,0.33,1.33,5.83,0.0,0.0,0.0,0.0,1.0,0.0,0.0,1.33,0.33,0.0,0.0,22.17,0.5,0.0,32.67,1.33,2.5,6.67,13.0,13.83,0.0,3,0,100.0
0.0,0.0,0.33,1.33,0.0,0.33,0.0,0.67,1.33,0.0,0.0,0.0,1.0,0.0,0.0,33.83,1.83,0.0,57.0,24.67,6.0,17.33,0.0,1.67,0.0,3,0,98.7
0.0,0.17,0.67,1.33,0.0,0.17,0.0,0.5,2.0,0.0,0.0,0.0,1.0,0.0,0.33,33.67,1.67,0.0,72.17,27.67,4.83,28.33,0.0,3.33,0.0,3,0,99.0
0.0,0.17,0.33,1.5,0.0,0.0,0.0,0.5,1.67,0.0,0.0,0.0,0.33,0.0,0.0,33.5,0.83,0.0,45.33,5.33,5.67,29.17,0.33,2.67,0.0,3,0,97.21
0.0,0.5,0.33,1.67,0.0,0.17,0.0,0.67,0.83,0.0,0.0,0.0,1.0,0.0,0.0,18.0,0.67,0.0,33.83,18.33,3.5,6.67,0.0,1.33,0.0,3,0,67.19
0.0,0.17,0.67,4.33,0.0,0.5,0.0,0.0,2.67,0.0,0.0,0.67,0.33,0.0,0.0,43.67,1.67,0.0,48.83,14.5,3.83,18.33,5.83,11.17,0.33,3,0,95.0
0.0,0.17,0.67,5.67,0.0,0.33,0.0,0.5,2.17,0.0,0.0,0.0,1.17,0.0,1.17,52.67,2.5,0.0,124.83,23.5,7.33,39.67,3.67,3.33,1.67,3,0,106.9
0.0,0.5,0.33,1.83,0.0,0.17,0.0,0.67,2.0,0.0,0.0,0.0,0.67,0.0,1.17,30.33,1.17,0.0,86.83,21.33,4.33,25.17,0.83,2.0,0.0,3,0,101.7
0.0,0.17,0.33,1.17,0.0,0.33,0.0,1.0,1.67,0.0,0.0,0.0,0.83,0.0,0.0,35.17,1.5,0.0,62.5,20.0,6.33,27.83,0.33,2.33,0.0,3,0,96.28
0.0,0.17,0.33,0.83,0.0,0.17,0.0,0.5,1.67,0.0,0.0,0.0,1.0,0.0,0.33,27.17,0.83,0.0,97.33,30.83,6.83,49.5,0.67,3.33,0.0,3,0,93.5
0.0,0.5,0.67,0.83,0.0,0.5,0.0,0.5,1.67,0.0,0.0,0.0,1.0,0.0,0.17,46.0,1.5,0.0,89.67,42.17,3.17,33.83,0.33,5.17,0.0,3,0,101.9
0.0,0.33,0.33,2.67,0.0,0.33,0.0,0.67,2.67,0.0,0.0,0.0,1.0,0.0,0.0,42.33,1.83,0.0,68.33,18.5,5.5,29.67,1.33,1.67,0.17,3,0,93.41
0.0,0.5,0.33,13.33,0.0,2.5,0.0,0.67,3.33,0.0,0.0,0.0,0.5,0.0,0.0,34.5,0.33,0.0,44.67,1.5,8.33,18.67,3.0,1.83,0.0,3,0,45.25
0.0,0.17,0.33,0.0,0.0,0.33,0.0,0.5,0.5,0.0,0.0,0.0,0.83,0.0,0.0,35.83,0.67,0.0,90.0,36.33,2.33,31.17,0.0,2.0,0.0,3,0,89.47
0.0,0.67,0.67,2.83,0.0,0.17,0.0,0.5,1.67,0.0,0.0,0.33,0.67,0.0,0.0,26.5,0.67,0.0,60.33,16.0,5.33,16.33,0.0,4.33,0.0,3,0,102.2
0.0,0.83,0.0,1.17,0.0,0.0,0.0,0.0,2.33,0.0,0.0,0.0,0.0,0.0,0.0,25.17,0.83,0.0,52.0,3.67,6.17,21.17,0.83,0.5,0.0,3,0,86.74
0.0,0.33,0.67,1.33,0.0,0.0,0.0,0.0,0.5,0.0,0.0,0.67,0.0,0.0,0.0,7.5,0.0,0.0,11.33,0.0,0.0,0.0,0.0,11.33,0.0,3,0,100.0
0.0,0.33,0.33,4.0,0.0,1.33,0.0,0.67,2.33,0.0,0.0,0.0,0.33,0.0,0.0,33.83,1.0,0.0,84.5,37.0,6.17,21.5,0.0,1.67,0.0,3,0,78.58
0.0,0.67,0.33,1.0,0.0,0.17,0.0,0.83,1.83,0.0,0.0,0.0,0.17,0.0,0.0,51.33,0.5,0.0,92.17,23.33,6.5,66.17,1.83,3.83,0.33,3,0,97.4
0.0,0.67,0.67,3.5,0.0,0.67,0.17,0.67,2.83,0.0,0.0,0.0,1.0,0.0,0.67,59.33,2.67,0.0,91.33,34.33,6.17,58.83,7.17,4.33,0.0,3,0,108.5
0.0,0.5,0.67,0.83,0.0,1.5,0.0,0.83,2.67,0.0,0.0,0.0,1.0,0.0,0.17,108.0,1.5,0.0,240.33,37.33,8.5,69.17,0.0,5.0,0.0,3,0,75.96
0.0,0.17,0.33,1.5,0.0,0.5,0.0,0.5,0.83,0.0,0.0,0.0,0.83,0.0,0.0,22.67,0.83,0.0,40.33,29.0,3.17,18.5,0.5,1.33,0.0,3,0,91.4
0.0,0.5,0.33,9.17,0.0,0.0,0.0,0.67,1.67,0.0,0.0,0.0,1.5,0.0,0.0,55.83,0.83,0.0,107.5,25.83,10.83,46.0,0.0,3.0,0.0,3,0,90.33
0.0,0.17,0.33,2.0,0.0,0.17,0.0,0.5,1.67,0.0,0.0,0.0,1.0,0.0,0.17,41.33,1.33,0.0,54.17,25.0,6.83,18.5,1.83,3.33,0.33,3,0,104.4
0.0,0.0,0.33,0.33,0.0,0.17,0.0,0.5,0.5,0.0,0.0,0.0,0.5,0.0,0.0,14.83,0.5,0.0,35.83,12.33,2.67,10.17,0.0,1.83,0.0,3,0,25.47
0.0,0.17,0.67,7.83,0.0,0.67,0.0,0.67,2.17,0.0,0.0,0.0,1.0,0.0,0.17,56.0,1.67,0.0,127.67,31.83,6.67,29.0,5.5,4.0,1.17,3,0,85.59
0.0,0.17,0.33,1.0,0.0,0.17,0.0,0.5,0.67,0.0,0.0,0.0,0.83,0.0,0.0,31.0,1.0,0.0,77.0,16.5,3.5,17.67,0.33,2.33,0.0,3,0,96.66
0.0,0.67,0.67,18.5,0.0,0.17,0.0,0.5,2.5,0.0,0.0,0.0,1.0,0.0,0.0,61.33,2.0,0.0,122.33,23.83,9.0,35.5,2.67,3.0,0.0,3,0,94.1
0.0,0.5,0.67,0.83,0.0,0.0,0.0,0.5,1.67,0.0,0.0,0.0,0.17,0.0,0.0,26.67,0.83,0.0,52.0,3.17,3.0,8.67,1.5,3.0,0.0,3,0,93.81
0.0,0.33,0.67,3.67,0.0,0.33,0.0,0.5,1.33,0.0,0.0,0.0,0.83,0.0,0.17,41.5,1.17,0.0,53.0,29.67,2.5,25.33,1.17,3.33,0.0,3,0,98.29
0.0,0.33,0.33,3.17,0.0,0.67,0.0,0.83,1.5,0.0,0.0,0.0,0.67,0.0,0.0,29.0,1.0,0.0,74.67,14.83,4.67,45.33,0.33,1.33,0.0,3,0,96.96
0.0,0.67,0.33,2.33,0.0,3.0,0.0,0.0,2.0,0.0,0.0,0.0,1.0,0.0,0.0,48.5,1.33,0.0,81.5,23.83,7.17,21.17,1.17,2.33,0.33,3,0,82.97
0.0,0.17,0.0,0.5,0.0,0.0,0.0,0.0,0.33,0.0,0.0,0.0,0.67,0.0,0.0,11.83,0.33,0.0,32.5,17.67,1.83,10.83,0.0,0.33,0.0,3,0,76.98
0.0,0.17,0.67,7.0,0.0,0.0,0.0,0.0,1.17,0.0,0.0,0.67,0.33,0.0,0.0,26.83,0.67,0.0,33.0,0.5,2.67,7.0,0.83,11.5,0.17,3,0,98.0
0.0,0.33,0.67,5.83,0.0,0.0,0.0,0.0,1.83,0.0,0.0,0.67,0.17,0.0,0.0,21.17,1.33,0.0,26.17,0.5,3.83,11.67,0.0,10.5,0.0,3,0,99.0
0.0,0.17,0.33,1.17,0.0,0.17,0.0,0.67,2.17,0.0,0.0,0.0,1.0,0.0,0.0,40.0,0.33,0.0,71.33,13.33,4.83,30.33,0.67,1.5,0.0,4,0,92.68
0.0,0.83,0.0,7.33,0.0,0.17,0.0,0.0,1.5,0.0,0.0,0.0,0.5,0.0,0.0,50.0,1.17,0.0,64.0,32.33,5.33,35.33,12.17,2.33,1.17,4,0,95.73
0.0,0.17,0.33,2.5,0.0,0.5,0.0,0.5,0.83,0.0,0.0,0.0,0.67,0.0,0.83,31.83,1.17,0.0,68.67,12.33,4.17,28.67,0.33,1.33,0.0,4,0,102.67
0.0,0.17,0.33,0.0,0.0,0.17,0.0,0.5,1.0,0.0,0.0,0.0,0.67,0.0,0.17,25.33,0.33,0.0,31.67,20.0,2.0,15.33,2.0,1.67,0.0,4,0,96.87
0.0,0.0,0.33,6.67,0.0,0.33,0.0,0.5,2.5,0.0,0.0,0.0,1.0,0.0,1.0,48.5,2.83,0.0,49.83,25.33,5.33,41.83,3.33,2.67,0.17,4,0,99.27
0.0,0.33,0.33,13.17,0.0,0.67,0.0,0.5,1.0,0.0,0.0,0.0,1.0,0.0,0.17,38.83,1.83,0.0,107.17,16.67,7.83,38.5,0.17,2.0,0.17,4,0,91.19
0.0,0.83,0.67,1.83,0.0,0.0,0.0,0.5,1.67,0.0,0.0,0.0,0.83,0.0,0.33,65.33,1.67,0.0,156.17,36.33,11.67,32.17,3.67,4.0,0.17,4,0,68.97
0.0,0.17,0.33,0.83,0.0,0.33,0.0,0.5,0.5,0.0,0.0,0.0,1.0,0.0,0.17,38.5,1.67,0.0,84.5,16.83,2.67,35.83,2.33,1.67,0.0,4,0,104.9
0.0,0.0,0.67,0.17,0.0,0.17,0.0,0.67,1.17,0.0,0.0,0.0,1.0,0.0,0.0,23.17,1.0,0.0,61.5,14.0,4.0,22.17,0.0,2.67,0.0,4,0,103.3
0.0,1.0,0.67,14.33,0.0,0.83,0.0,0.67,2.67,0.0,0.0,0.0,1.17,0.0,0.33,95.5,2.83,0.0,128.0,28.0,14.67,65.67,8.17,6.33,0.67,4,0,93.2
0.0,0.67,0.33,0.5,0.0,1.0,0.0,0.5,1.83,0.0,0.0,0.0,0.83,0.0,0.0,43.5,2.33,0.0,107.0,19.33,7.33,46.67,1.17,1.33,0.0,4,0,97.08
0.0,0.5,1.33,3.67,0.0,0.33,0.0,0.5,4.67,0.0,0.0,0.0,1.0,0.0,0.0,52.17,2.33,0.0,151.67,22.0,9.67,21.33,1.17,5.0,0.33,4,0,85.89
0.0,0.33,0.67,10.33,0.0,0.0,0.0,0.5,2.67,0.0,0.0,0.0,1.17,0.0,0.17,49.0,1.5,0.0,95.67,9.33,8.5,37.67,0.17,5.33,0.0,4,0,93.99
0.0,0.5,0.33,2.5,0.0,0.83,0.0,0.67,1.83,0.0,0.0,0.0,1.0,0.0,0.17,59.67,0.83,0.0,160.5,19.67,3.17,33.17,5.17,2.17,0.0,4,0,72.35
0.0,0.0,0.33,0.67,0.0,0.0,0.0,0.0,2.0,0.0,0.0,0.0,1.17,0.0,0.0,22.33,0.5,0.0,50.83,2.0,6.67,64.0,1.0,2.0,0.17,4,0,80.66
0.0,0.0,0.33,1.0,0.0,0.33,0.0,0.67,0.67,0.0,0.0,0.0,1.33,0.0,0.0,25.83,1.0,0.0,42.83,30.17,4.5,25.17,0.0,2.33,0.0,4,0,92.32
0.0,0.33,0.0,0.0,0.0,0.33,0.0,0.0,1.0,0.0,0.0,0.0,0.33,0.0,0.0,15.17,0.5,0.0,46.17,6.0,3.33,14.17,0.0,0.33,0.0,4,0,23.98
0.0,0.83,0.33,12.83,0.0,2.83,0.0,0.5,4.0,0.0,0.0,0.0,1.67,0.0,0.0,57.83,1.83,0.0,120.67,23.17,15.0,34.17,3.5,1.67,0.33,1,0,52.13
0.0,0.17,0.33,3.0,0.0,0.67,0.0,0.5,1.67,0.0,0.0,0.0,1.0,0.0,1.5,45.5,1.0,0.0,71.5,21.67,7.0,32.67,0.0,2.33,0.0,1,0,102.98
0.0,0.67,0.33,12.83,0.0,0.17,0.0,0.67,2.5,0.0,0.0,0.0,1.17,0.0,0.17,72.67,1.0,0.0,101.17,28.17,11.67,27.0,8.83,2.67,0.0,1,0,101.25
0.0,0.17,0.33,1.5,0.0,0.0,0.0,0.5,0.17,0.0,0.0,0.0,1.0,0.0,0.17,26.33,0.5,0.0,55.17,8.17,7.5,11.33,0.67,1.33,0.0,1,0,93.51
0.0,0.0,0.33,4.67,0.0,0.83,0.0,0.5,2.17,0.0,0.0,0.0,1.17,0.0,0.17,27.83,0.5,0.0,51.67,13.83,7.67,16.5,2.5,1.83,0.67,1,0,65.18
0.0,0.83,0.33,0.0,0.0,1.33,0.0,0.83,2.5,0.0,0.0,0.0,1.0,0.0,0.0,47.17,1.0,0.0,101.5,43.5,7.67,36.5,0.0,2.67,0.0,1,0,73.46
0.0,0.17,0.33,3.67,0.0,0.33,0.0,0.67,1.67,0.0,0.0,0.0,1.17,0.0,0.67,21.33,0.83,0.0,51.67,13.83,5.0,26.5,0.17,2.83,0.0,1,0,92.77
0.0,0.67,0.33,4.17,0.0,0.5,0.0,0.67,2.33,0.0,0.0,0.0,1.0,0.0,0.0,54.17,2.5,0.0,81.0,33.5,6.0,37.5,2.33,2.33,0.33,1,0,72.02
0.0,0.0,0.33,5.0,0.0,0.17,0.0,0.5,1.33,0.0,0.0,0.0,1.0,0.0,0.0,47.5,0.5,0.0,97.0,18.33,6.17,53.83,1.5,3.17,0.0,1,0,26.84
0.0,0.83,1.0,1.67,0.0,0.17,0.17,0.5,1.67,0.0,0.0,0.67,1.0,0.0,0.17,49.83,0.83,0.0,86.5,26.83,5.0,33.5,0.0,12.67,0.0,1,0,100.2
0.0,0.17,0.33,0.67,0.0,0.33,0.0,0.5,0.5,0.0,0.0,0.0,0.83,0.0,0.0,25.17,0.67,0.0,35.0,12.83,7.33,18.67,0.17,2.0,0.0,1,0,84.83
0.0,0.67,0.33,1.17,0.0,0.33,0.0,0.5,2.33,0.0,0.0,0.0,1.0,0.0,0.17,69.33,2.5,0.0,76.67,41.83,7.67,38.67,4.33,3.0,0.33,1,0,68.94
0.0,0.67,0.33,2.17,0.0,0.17,0.0,0.83,1.17,0.0,0.0,0.0,0.83,0.0,0.0,28.5,0.83,0.0,76.83,39.5,5.17,19.67,0.5,1.67,0.0,1,0,97.6
0.0,0.33,0.33,12.17,0.0,0.0,0.0,0.0,1.17,0.0,0.0,0.0,1.17,0.0,0.0,15.0,0.17,0.0,23.17,4.0,6.33,6.0,0.0,1.33,0.0,1,0,72.98
0.0,0.17,0.0,10.0,0.0,1.17,0.0,0.0,4.0,0.0,0.0,0.0,0.33,0.0,0.17,51.67,2.0,0.0,103.83,13.17,14.17,23.67,3.17,2.83,1.33,3,0,16.49
0.0,1.0,0.0,1.33,0.0,1.0,0.0,0.67,2.0,0.0,0.0,0.0,1.17,0.0,0.0,47.33,1.33,0.0,114.17,1.83,11.0,16.83,0.0,1.33,0.0,3,0,70.69
0.0,0.0,0.33,0.17,0.0,0.17,0.0,0.67,0.5,0.0,0.0,0.0,0.83,0.0,0.0,13.83,0.0,0.0,16.83,0.0,5.5,7.33,0.0,1.33,0.0,3,0,81.07
0.0,0.67,0.67,0.5,0.0,1.5,0.0,0.67,1.67,0.0,0.0,0.0,1.0,0.0,0.0,33.0,0.17,0.0,67.33,0.5,7.5,19.0,2.0,3.67,0.17,3,0,65.26
0.0,0.5,0.33,2.83,0.0,0.33,0.0,0.67,1.83,0.0,0.0,0.0,1.0,0.0,0.17,31.33,1.17,0.0,70.0,6.33,7.67,29.83,0.67,2.67,0.0,3,0,92.96
0.0,0.5,0.33,0.33,0.0,0.83,0.0,0.5,2.67,0.0,0.0,0.0,1.17,0.0,0.17,56.67,1.0,0.0,61.67,1.5,11.0,31.67,0.0,3.0,0.0,3,0,96.8
0.0,0.33,1.0,13.83,0.0,0.17,0.0,0.67,2.5,0.0,0.0,0.0,0.17,0.0,0.17,48.5,1.17,0.0,97.83,0.17,10.17,12.83,2.67,6.33,0.0,3,0,89.5
0.0,0.83,0.67,2.33,0.0,1.67,0.0,0.5,2.83,0.0,0.0,0.0,1.0,0.0,0.0,60.83,1.17,0.0,68.0,14.5,13.5,41.67,0.5,3.0,0.17,3,0,102.7
0.0,0.33,0.33,0.0,0.0,0.0,0.0,0.5,0.67,0.0,0.0,0.0,0.67,0.0,0.0,13.83,0.17,0.0,46.67,0.5,0.5,20.83,1.5,1.33,0.0,3,0,98.0
0.0,0.17,1.0,9.33,0.0,0.17,0.0,0.67,3.17,0.0,0.0,0.0,1.17,0.0,0.17,46.17,1.17,0.0,136.5,10.17,8.0,39.5,0.67,7.5,0.0,3,0,62.38
0.0,0.0,0.33,0.0,0.0,0.0,0.0,0.5,1.0,0.0,0.0,0.0,0.5,0.0,0.0,26.83,0.67,0.0,33.17,1.83,5.83,32.67,0.33,1.33,0.0,3,0,78.26
0.0,0.17,1.0,1.0,0.0,0.5,0.0,0.5,3.0,0.0,0.0,0.33,1.17,0.0,0.0,27.5,2.17,0.0,54.83,2.67,6.0,24.17,0.0,8.17,0.0,3,0,96.47
0.0,1.5,1.0,2.0,0.0,0.0,0.17,0.5,5.0,0.0,0.0,0.67,1.0,0.0,0.0,27.0,0.67,0.0,33.17,4.83,4.33,19.67,0.0,14.83,0.0,3,0,90.11
0.0,0.67,0.67,0.17,0.0,0.17,0.0,0.67,1.17,0.0,0.0,0.0,0.83,0.0,0.0,12.17,0.0,0.0,33.17,0.5,5.0,6.17,0.0,3.5,0.0,3,0,69.64
0.0,0.33,0.0,3.5,0.0,0.17,0.0,0.0,1.17,0.0,0.0,0.0,0.33,0.0,0.0,18.17,1.33,0.0,57.17,1.17,6.67,11.5,0.17,0.33,0.0,3,0,3.95
0.0,0.83,0.33,0.83,0.0,1.17,0.0,0.67,2.5,0.0,0.0,0.0,1.0,0.0,0.0,59.67,2.5,0.0,116.17,39.17,5.17,84.67,0.33,2.67,0.17,1,0,89.73
0.0,0.5,0.33,0.17,0.0,1.0,0.0,0.67,2.5,0.0,0.0,0.0,0.17,0.0,1.33,102.67,0.5,0.0,98.83,2.83,3.5,162.17,98.5,3.67,0.5,1,0,93.16
0.0,0.5,0.0,2.5,0.0,0.5,0.0,0.0,0.83,0.0,0.0,0.0,0.17,0.0,0.17,32.5,1.5,0.0,123.67,26.0,4.33,23.33,0.5,0.67,0.0,1,0,86.9
0.0,1.17,0.33,1.5,0.0,0.17,0.0,0.67,1.67,0.0,0.0,0.0,1.33,0.0,0.17,58.5,2.0,0.0,75.33,23.5,8.33,28.33,0.83,3.33,0.0,1,0,93.33
0.0,1.33,0.33,10.67,0.0,0.83,0.0,0.83,1.67,0.0,0.0,0.0,1.0,0.0,0.0,44.17,0.67,0.0,63.0,18.33,8.67,21.83,0.67,2.0,0.17,1,0,89.37
0.0,0.0,0.67,0.33,0.0,0.17,0.0,0.5,1.67,0.0,0.0,0.0,1.0,0.0,0.0,27.5,2.17,0.0,62.0,16.17,4.83,35.67,1.0,3.67,0.0,1,0,91.53
0.0,0.67,0.33,2.17,0.0,0.0,0.0,0.67,1.83,0.0,0.0,0.0,0.83,0.0,0.0,47.17,0.83,0.0,38.67,24.0,14.0,40.5,1.0,2.67,0.0,1,0,55.61
0.0,0.5,0.33,2.0,0.0,0.5,0.17,0.5,1.83,0.0,0.0,0.0,1.0,0.0,0.0,40.33,2.67,0.0,93.17,26.33,7.33,28.67,0.33,1.33,0.0,1,0,92.38
0.0,0.5,1.33,1.33,0.0,0.17,0.0,1.17,1.33,0.0,0.0,1.0,1.0,0.0,0.0,23.0,1.0,0.0,44.5,32.67,2.17,51.33,1.0,10.33,0.0,1,0,90.6
0.0,0.33,0.33,2.33,0.0,0.33,0.0,0.5,0.33,0.0,0.0,0.0,1.0,0.0,0.0,35.83,1.67,0.0,130.17,18.5,4.83,28.33,0.83,1.67,0.0,1,0,84.7
0.0,0.33,0.67,2.17,0.0,0.0,0.0,0.0,0.67,0.0,0.0,0.67,0.17,0.0,0.0,15.5,0.67,0.0,19.0,0.0,1.83,3.83,0.67,9.33,0.0,1,0,100.0
0.0,0.33,0.33,0.5,0.0,0.17,0.0,0.83,1.0,0.0,0.0,0.0,1.0,0.0,0.0,44.33,2.33,0.0,112.5,20.17,5.5,36.33,0.17,3.17,0.0,1,0,79.2
0.0,0.33,0.33,1.17,0.0,0.67,0.0,0.67,0.5,0.0,0.0,0.0,1.0,0.0,0.0,29.5,0.67,0.0,53.0,29.5,5.0,15.17,0.0,1.67,0.0,1,0,92.46
0.0,0.0,0.67,9.5,0.0,0.17,0.17,0.0,1.0,0.0,0.0,0.67,0.5,0.0,0.0,24.17,0.83,0.0,42.33,8.33,2.17,8.5,1.33,14.83,0.5,1,0,91.0
0.0,0.67,0.67,2.83,0.0,0.0,0.0,0.0,0.5,0.0,0.0,0.67,0.33,0.0,0.0,11.5,0.33,0.0,4.5,0.0,0.33,5.33,0.17,7.83,0.0,1,0,100.0
0.0,1.0,0.33,9.83,0.0,0.5,0.0,0.83,5.0,0.0,0.0,0.0,0.0,0.0,0.17,47.33,0.83,0.0,102.17,0.5,13.33,24.5,1.83,1.67,0.17,3,1,93.8
0.0,0.17,0.33,0.5,0.0,0.0,0.0,0.67,2.5,0.0,0.0,0.0,0.0,0.0,0.17,35.33,1.5,0.0,59.17,1.0,5.67,26.0,0.67,2.0,0.0,3,1,103.2
0.0,0.5,0.33,0.33,0.0,0.17,0.0,0.67,2.33,0.0,0.0,0.0,0.0,0.0,0.0,30.5,0.83,0.0,40.83,5.67,1.17,20.33,4.0,1.83,0.5,3,1,96.99
0.0,1.33,0.33,17.67,0.0,2.5,0.0,0.67,11.0,0.0,0.0,0.0,0.0,0.0,0.0,82.0,0.5,0.0,117.67,1.67,7.17,50.33,15.83,2.0,0.33,3,1,62.2
0.0,1.0,0.67,1.67,0.0,0.17,0.0,0.5,2.5,0.0,0.0,0.33,0.0,0.0,0.17,47.33,0.5,0.0,41.33,0.0,3.17,13.33,0.67,5.0,0.0,3,1,73.74
0.0,0.83,0.33,5.5,0.0,0.83,0.0,0.5,4.83,0.0,0.0,0.0,0.17,0.0,0.5,54.0,3.0,0.0,105.17,0.0,7.0,31.5,0.67,2.67,0.0,3,1,89.17
0.0,0.0,0.67,3.33,0.0,0.0,0.0,0.67,2.33,0.0,0.0,0.0,0.17,0.0,0.17,35.5,1.33,0.0,52.83,0.0,5.5,15.67,0.0,2.33,0.0,3,1,98.81
0.0,0.67,0.33,1.17,0.0,0.0,0.0,0.67,2.83,0.0,0.0,0.0,0.17,0.0,0.17,34.33,2.17,0.0,61.67,2.67,4.5,18.0,0.33,2.67,0.0,3,1,94.9
0.0,0.0,0.33,0.0,0.0,0.0,0.0,0.67,0.83,0.0,0.0,0.0,0.0,0.0,0.0,16.33,1.17,0.0,58.33,0.17,6.5,6.5,0.67,2.0,0.33,3,1,37.36
0.0,0.5,0.67,9.17,0.0,0.0,0.0,0.83,2.17,0.0,0.0,0.0,0.0,0.0,0.17,46.83,2.17,0.0,85.67,0.5,5.17,12.83,0.17,3.0,0.0,3,1,97.66
0.0,0.33,0.0,5.83,0.0,0.17,0.0,0.0,2.67,0.0,0.0,0.0,0.17,0.0,0.0,32.83,0.67,0.0,63.33,0.5,7.0,17.17,0.83,0.5,0.0,3,1,66.41
0.0,0.67,0.67,3.5,0.0,0.17,0.0,0.5,3.5,0.0,0.0,0.0,0.0,0.0,0.17,28.0,0.83,0.0,75.67,1.0,7.0,11.0,2.33,3.67,0.17,3,1,72.2
0.0,0.83,0.33,3.17,0.0,0.0,0.0,0.83,3.5,0.0,0.0,0.0,0.0,0.0,0.17,35.0,1.0,0.0,61.67,0.5,6.33,15.67,2.67,2.67,0.33,3,1,96.2
0.0,0.33,0.33,2.67,0.0,0.33,0.0,0.67,2.67,0.0,0.0,0.0,1.0,0.0,0.0,42.33,1.83,0.0,68.33,18.5,5.5,29.67,1.33,1.67,0.17,3,1,93.41
0.0,0.0,0.0,0.67,0.0,0.0,0.0,0.0,1.5,0.0,0.0,0.0,0.0,0.0,0.0,18.5,0.33,0.0,19.0,0.5,2.5,13.83,2.0,0.0,0.33,3,1,63.21
0.0,0.0,0.0,0.67,0.0,0.0,0.0,0.0,0.33,0.0,0.0,0.0,0.17,0.0,0.0,4.0,0.0,0.0,1.17,1.0,2.0,7.33,0.0,0.33,0.0,3,1,90.99
