student_id,BigBlueButtonBN,Fail,Faili esitamine,Foorum,Hindajaraport,Kaust,Kommentaarid tööle,Küsitlus,Leht,Logid,Minu hinderaport,Onlain teksti esitamine,Osalemine,Prügikast,Rühma valimine,Süsteem,Tagasiside,Tegevuste aruanne,Test,Tund,URL,Virtual programming lab,Õppijaraport,Ülesanne,Ülevaate aruanne,label,web,y
1,0.0,0.3125,0.75,2.875,0.0,0.0625,0.0,0.375,1.625,0.0,0.0,0.375,0.0,0.0,0.4375,10.5625,0.5625,0.0,21.0,0.5625,4.125,4.9375,2.1875,3.9375,0.0,3,1,78.06
2,0.0,0.625,0.875,1.6875,0.0,1.1875,0.0,0.9375,2.625,0.0,0.0,0.375,0.0625,0.0,0.8125,43.5625,1.5,0.0,57.3125,0.9375,6.5,30.9375,0.0625,5.1875,0.0,3,1,95.72
3,0.0,0.375,0.5,8.25,0.0,0.25,0.0,0.625,4.375,0.0,0.0,0.25,0.0,0.0,1.5625,33.4375,0.8125,0.0,36.8125,1.0,7.75,16.3125,1.625,7.4375,0.1875,3,1,99.6
4,0.0,1.0,1.0,3.0625,0.0,2.0,0.0,1.0,2.3125,0.0,0.0,0.375,0.3125,0.0,0.3125,35.1875,0.3125,0.0,93.125,1.8125,6.8125,18.6875,3.4375,6.75,0.25,3,1,64.66
5,0.0,0.5,0.75,2.875,0.0,0.6875,0.0,0.8125,1.25,0.0,0.0,0.375,0.125,0.0,0.4375,24.4375,0.75,0.0,59.4375,0.1875,3.0625,36.1875,3.25,3.75,0.5625,3,1,52.23
6,0.0,1.6875,0.625,1.1875,0.0,0.375,0.0,0.5625,1.8125,0.0,0.0,0.375,0.0625,0.0,0.8125,14.6875,0.625,0.0,24.625,0.75,4.5,18.75,0.0,5.9375,0.0,3,1,86.89
7,0.0,0.3125,0.5,1.0625,0.0,0.1875,0.0,0.375,1.5625,0.0,0.0,0.25,0.0625,0.0,0.6875,21.4375,0.25,0.0,47.0,1.0,2.375,10.0625,1.75,3.3125,0.0,3,1,92.8
8,0.0,0.5,0.625,10.0625,0.0,0.875,0.0,0.4375,2.5625,0.0,0.0,0.375,0.0625,0.0,0.625,25.5,0.25,0.0,27.0,0.1875,4.5,4.5625,2.4375,5.5625,0.25,3,1,52.05
9,0.0,0.25,0.625,0.8125,0.0,0.625,0.0,0.25,1.5625,0.0,0.0,0.375,0.0,0.0,0.375,27.3125,0.5625,0.0,58.375,0.375,1.75,33.25,0.75,3.125,0.0625,3,1,110.0
10,0.0,0.4375,1.125,2.25,0.0,0.25,0.0,0.375,1.0,0.0,0.0,0.75,0.0,0.0,0.625,28.0,0.375,0.0,49.0625,3.625,3.4375,29.5,3.25,6.0625,0.0,3,1,101.9
11,0.0,0.0,0.0,0.0625,0.0,0.0625,0.0,0.0,0.0625,0.0,0.0,0.0,0.0,0.0,0.0,3.0625,0.125,0.0,0.6875,0.0,0.875,0.5625,0.125,0.0,0.0,3,1,1.0
12,0.0,0.1875,0.625,3.6875,0.0,0.125,0.0,0.625,1.4375,0.0,0.0,0.125,0.0625,0.0,0.6875,23.875,0.3125,0.0,37.5,0.5625,3.625,20.1875,1.0,3.75,0.0,3,1,78.71
13,0.0,0.3125,0.25,0.0,0.0,0.0,0.0,0.625,1.125,0.0,0.0,0.0,0.0,0.0,0.25,12.625,0.0625,0.0,21.4375,0.0,2.0,4.125,2.3125,1.125,0.0,3,1,66.46
14,0.0,0.25,0.25,4.125,0.0,0.3125,0.0,0.1875,1.3125,0.0,0.0,0.0,0.0625,0.0,0.4375,11.25,0.0625,0.0,28.625,0.0,2.6875,5.1875,0.25,2.125,0.0,3,1,18.98
15,0.0,0.0625,0.375,3.4375,0.0,0.0,0.0,0.25,1.3125,0.0,0.0,0.125,0.0625,0.0,0.5625,11.9375,0.4375,0.0,43.25,0.0,2.6875,7.25,1.1875,3.5,0.0625,3,1,17.0
16,0.0,0.0,0.0,1.75,0.0,0.0,0.0,0.0,0.4375,0.0,0.0,0.0,0.0,0.0,0.0625,2.25,0.0,0.0,0.4375,0.1875,0.5625,5.0,0.0,0.4375,0.0,3,1,5.35
17,0.0,1.125,0.75,1.4375,0.0,1.0625,0.0,0.5625,6.5,0.0,0.0,0.375,0.875,0.0,0.625,85.6875,2.4375,0.0,214.375,10.0625,12.0,60.125,8.375,7.0625,0.0,5,0,98.4
18,0.0,0.375,0.625,8.625,0.0,0.75,0.0,0.8125,1.5,0.0,0.0,0.375,0.6875,0.0,0.8125,51.8125,0.8125,0.0,121.1875,2.875,3.6875,28.625,18.625,10.6875,0.0,5,0,42.23
19,0.0,0.0625,0.75,3.25,0.0,0.4375,0.0,1.0,3.1875,0.0,0.0,0.125,0.1875,0.0,0.375,38.125,1.4375,0.0,116.6875,3.4375,2.125,17.75,1.4375,5.25,0.0,5,0,89.4
20,0.0,0.3125,0.375,4.0,0.0,0.1875,0.0,0.625,1.5625,0.0,0.0,0.0,0.25,0.0,0.3125,25.75,0.625,0.0,51.8125,0.1875,3.3125,27.125,0.0,2.625,0.0,5,0,78.21
21,0.0,0.25,0.375,4.625,0.0,0.375,0.0,0.5,1.0,0.0,0.0,0.0,0.75,0.0,0.375,34.5625,0.9375,0.0,99.5,6.5,2.5625,25.4375,0.0,4.0625,0.0,5,0,83.64
22,0.0,0.25,0.5,4.0625,0.0,0.0625,0.0,0.75,1.4375,0.0,0.0,0.0,0.75,0.0,0.5625,48.0,0.625,0.0,109.8125,17.6875,8.1875,36.8125,0.8125,7.875,0.0,5,0,100.4
23,0.0,0.3125,0.75,2.6875,0.0,0.3125,0.0,0.5,1.6875,0.0,0.0,0.5,0.4375,0.0,0.5625,25.25,0.25,0.0,70.8125,8.625,1.875,12.625,3.375,7.75,0.0,5,0,93.29
24,0.0,1.25,0.5,5.0,0.0,0.875,0.0,0.6875,4.875,0.0,0.0,0.0,0.25,0.0,1.25,74.8125,2.0625,0.0,186.3125,4.0,9.125,25.0,12.0625,5.3125,0.4375,5,0,84.6
25,0.0,0.4375,1.25,2.25,0.0,0.0625,0.0,0.8125,1.6875,0.0,0.0,0.875,0.6875,0.0,0.375,38.0625,0.5,0.0,95.875,5.8125,6.8125,44.5625,2.0625,5.8125,0.0,5,0,98.7
26,0.0,0.0625,0.625,0.0,0.0,0.0625,0.0,0.375,1.125,0.0,0.0,0.375,0.625,0.0,1.0625,19.375,0.25,0.0,63.5,7.5625,2.875,34.1875,1.9375,3.1875,0.0,5,0,87.7
27,0.0,0.875,0.625,0.6875,0.0,0.125,0.0,0.75,2.0625,0.0,0.0,0.375,0.1875,0.0,0.5625,25.3125,0.5,0.0,61.3125,0.75,4.1875,6.5,1.5625,3.6875,0.0625,5,0,57.94
28,0.0,0.375,0.375,1.4375,0.0,0.25,0.0,0.5,1.125,0.0,0.0,0.125,0.75,0.0,0.3125,29.5,0.4375,0.0,108.3125,15.75,6.375,17.6875,0.875,3.25,0.0,5,0,88.5
29,0.0,0.8125,0.625,4.6875,0.0,0.1875,0.0,0.375,1.25,0.0,0.0,0.25,0.75,0.0,0.5,40.25,1.875,0.0,91.375,13.5,7.3125,27.625,0.0,4.375,0.0,5,0,101.7
30,0.0,0.3125,0.875,8.875,0.0,0.1875,0.0,0.1875,1.9375,0.0,0.0,0.75,0.125,0.0,0.625,39.9375,2.0625,0.0,70.375,7.5625,8.3125,35.4375,0.125,6.25,0.0625,5,0,92.69
31,0.0,0.875,0.375,6.0625,0.0,0.5625,0.0,0.75,3.5625,0.0,0.0,0.125,0.1875,0.0,0.9375,25.375,0.375,0.0,79.5,0.375,4.6875,22.9375,0.0,3.375,0.0,5,0,68.46
32,0.0,0.3125,0.375,0.0,0.0,0.125,0.0,0.375,0.5,0.0,0.0,0.125,0.4375,0.0,0.25,9.375,0.125,0.0,14.8125,4.125,1.375,13.1875,0.0,2.375,0.0,5,0,80.75
33,0.0,0.25,0.75,7.0,0.0,0.4375,0.0,0.4375,3.3125,0.0,0.0,0.25,0.0,0.0,0.4375,46.0625,0.6875,0.0,48.3125,1.125,6.75,30.875,9.3125,8.5625,0.8125,2,1,104.9
34,0.0,1.1875,0.875,3.4375,0.0,1.8125,0.0,0.9375,3.625,0.0,0.0,0.375,0.125,0.0,0.375,45.875,0.75,0.0,85.0625,1.9375,5.125,22.3125,8.375,7.6875,0.0,2,1,83.6
35,0.0,0.3125,0.75,0.75,0.0,0.4375,0.0,0.375,2.0625,0.0,0.0,0.5,0.0,0.0,0.375,34.6875,1.625,0.0,71.875,1.6875,3.4375,33.375,0.875,7.625,0.125,2,1,101.5
36,0.0,0.3125,1.0,10.5,0.0,1.6875,0.0,0.4375,5.4375,0.0,0.0,0.75,0.25,0.0,0.6875,46.625,0.6875,0.0,103.125,2.1875,7.875,24.5625,4.25,11.6875,0.0625,2,1,100.8
37,0.0,0.375,0.25,8.25,0.0,0.125,0.0,0.6875,3.1875,0.0,0.0,0.0,0.0625,0.0,1.6875,35.8125,1.25,0.0,39.6875,0.5,4.0625,34.6875,4.625,9.25,0.0625,2,1,80.73
38,0.0,0.8125,0.375,0.125,0.0,0.1875,0.0,0.625,2.625,0.0,0.0,0.0,0.0625,0.0,1.0,23.875,0.5625,0.0,32.125,0.1875,4.0625,6.9375,0.0,2.875,0.0,2,1,56.24
39,0.0,0.375,1.0,7.5,0.0,0.5625,0.0,0.8125,4.0625,0.0,0.0,0.25,0.125,0.0,0.375,55.875,0.3125,0.0,163.125,0.1875,9.3125,34.875,2.75,6.5,0.0,2,1,108.5
40,0.125,0.25,0.75,0.5625,0.0,0.0,0.0,0.75,1.875,0.0,0.0,0.375,0.0625,0.0,0.3125,14.9375,0.125,0.0,31.125,0.0,2.9375,13.5625,0.125,3.875,0.0,2,1,83.65
41,0.0,0.4375,1.0,2.125,0.0,0.125,0.0,0.75,5.1875,0.0,0.0,0.5,0.0,0.0,0.5625,44.5625,1.25,0.0,66.6875,1.0,8.5625,43.875,0.1875,8.75,0.0,2,1,88.68
42,0.0,0.25,0.625,0.9375,0.0,0.1875,0.0,0.5625,2.6875,0.0,0.0,0.375,0.0,0.0,0.375,25.6875,1.1875,0.0,53.0,1.875,3.5,35.5625,0.9375,4.5,0.0625,2,1,84.92
43,0.0,0.0,0.0,0.1875,0.0,0.0625,0.0,0.0,0.0625,0.0,0.0,0.0,0.0,0.0,0.0,0.9375,0.0,0.0,0.0,0.0,0.0,0.375,0.375,0.0,0.0625,2,1,0.0
44,0.0,0.5,0.625,9.6875,0.0,0.875,0.0,0.375,4.3125,0.0,0.0,0.375,0.1875,0.0,1.3125,36.9375,1.0625,0.0,38.125,0.4375,8.375,11.3125,2.1875,5.3125,0.4375,2,1,83.47
45,0.0,0.125,0.375,6.5625,0.0,0.4375,0.0,0.375,2.9375,0.0,0.0,0.125,0.0,0.0,0.5625,23.0625,1.3125,0.0,39.5,1.125,6.25,26.125,0.875,6.625,0.0625,2,1,96.95
46,0.0,0.125,1.125,0.75,0.0,0.0,0.0,0.375,1.9375,0.0,0.0,0.875,0.0,0.0,0.4375,15.125,0.5625,0.0,35.5625,0.0,0.75,12.875,0.0,7.4375,0.0,2,1,98.47
47,0.0,0.1875,0.5,1.3125,0.0,0.0,0.0,0.5625,2.0,0.0,0.0,0.25,0.0,0.0,0.375,22.9375,0.1875,0.0,27.5625,0.0,5.3125,12.375,1.1875,5.3125,0.0,2,1,94.3
48,0.0,0.25,0.625,1.375,0.0,0.625,0.0,0.375,2.0625,0.0,0.0,0.25,0.0,0.0,0.3125,23.875,0.5625,0.0,58.6875,0.1875,3.3125,16.0625,1.1875,3.125,0.0,2,1,84.02
49,0.0,0.1875,0.375,0.5625,0.0,0.25,0.0,0.4375,2.0,0.0,0.0,0.125,0.0,0.0,0.4375,25.625,0.3125,0.0,41.3125,0.0,3.625,22.375,0.875,3.125,0.0,2,1,103.8
50,0.0,0.3125,0.25,0.0,0.0,0.125,0.0,0.5,1.5625,0.0,0.0,0.0,0.0,0.0,0.5,24.4375,0.5625,0.0,54.75,0.0,1.5,19.6875,2.4375,2.8125,0.0625,2,1,94.3
51,0.0,0.3125,0.375,0.25,0.0,0.0,0.0,0.0,2.875,0.0,0.0,0.125,0.0,0.0,0.375,22.0625,0.1875,0.0,32.9375,0.0,6.5625,18.375,0.0,1.75,0.0,2,1,87.86
52,0.0,0.25,0.25,0.625,0.0,0.0,0.0,0.375,2.625,0.0,0.0,0.0,0.0,0.0,0.375,18.4375,0.5,0.0,44.875,1.1875,4.0,11.25,0.125,2.875,0.0,2,1,94.09
53,0.0,0.125,0.25,0.9375,0.0,0.0,0.0,0.0,0.8125,0.0,0.0,0.25,0.0,0.0,0.0,7.1875,0.125,0.0,5.9375,0.4375,1.125,3.875,0.3125,5.6875,0.0625,2,1,95.0
54,0.0,0.375,0.375,0.5,0.0,0.1875,0.0,0.4375,4.75,0.0,0.0,0.125,0.0,0.0,0.3125,22.75,0.625,0.0,46.625,0.0625,4.1875,16.5625,4.0,1.75,0.0625,2,1,82.2
55,1.25,0.25,0.75,1.125,0.0,0.125,0.0,0.375,2.75,0.0,0.0,0.375,0.75,0.0,0.4375,28.4375,0.8125,0.0,68.875,0.4375,4.0625,19.125,1.4375,5.4375,0.0,2,0,97.71
56,0.5625,0.5,0.5,1.25,0.0,0.0625,0.0,0.375,0.875,0.0,0.0,0.25,0.8125,0.0,0.3125,26.75,0.25,0.0,107.75,0.375,4.125,21.75,0.6875,4.0625,0.0,2,0,89.0
57,0.9375,0.4375,0.5,0.125,0.0,0.125,0.0,1.0625,0.5625,0.0,0.0,0.0,0.75,0.0,0.3125,26.0625,0.0625,0.0,61.0,0.375,3.0,23.6875,0.0625,3.25,0.0,2,0,70.12
58,1.75,0.625,0.75,2.625,0.0,0.3125,0.0,0.375,1.4375,0.0,0.0,0.5,0.5,0.0,0.3125,45.75,0.375,0.0,72.5,1.1875,5.4375,29.25,0.0,4.6875,0.0,2,0,90.35
59,0.5625,0.0625,0.625,0.25,0.0,0.125,0.0,0.375,0.875,0.0,0.0,0.375,0.25,0.0,0.5625,14.3125,0.4375,0.0,26.0625,0.0,2.1875,12.625,0.8125,5.125,0.0,2,0,87.39
60,0.8125,0.5625,0.375,1.9375,0.0,0.25,0.0,0.375,2.25,0.0,0.0,0.125,0.4375,0.0,0.625,35.3125,0.25,0.0,36.0625,3.625,5.4375,30.5625,1.125,5.0,0.0625,2,0,107.8
61,0.5625,0.1875,0.5,0.75,0.0,0.0625,0.0,0.375,1.0625,0.0,0.0,0.25,0.75,0.0,0.4375,31.75,0.1875,0.0,75.0625,0.5,7.8125,25.25,1.6875,3.5625,0.0,2,0,101.3
62,1.125,0.3125,0.625,0.8125,0.0,0.375,0.0,0.5,0.5625,0.0,0.0,0.375,0.6875,0.0,0.3125,26.3125,0.5,0.0,57.5625,0.1875,1.875,16.9375,0.5625,4.5625,0.0,2,0,71.35
63,0.3125,0.25,0.75,2.125,0.0,0.0625,0.0,0.375,0.875,0.0,0.0,0.5,0.625,0.0,0.375,23.0,0.6875,0.0,46.0,1.0,4.6875,19.8125,1.125,4.5625,0.0,2,0,80.38
64,0.5,0.1875,0.25,0.1875,0.0,0.1875,0.0,0.5,2.375,0.0,0.0,0.0,0.125,0.0,0.5,23.125,0.0,0.0,54.5625,0.625,3.4375,41.8125,0.25,4.125,0.0625,2,0,81.42
65,0.0,0.3125,0.5,13.875,0.0,1.1875,0.0,0.25,2.8125,0.0,0.0,0.375,0.125,0.0,1.75,36.5,0.9375,0.0,58.375,1.1875,8.3125,41.9375,6.0625,6.0625,0.0,2,0,83.6
66,1.125,0.125,0.625,3.375,0.0,0.1875,0.0,0.5,1.0625,0.0,0.0,0.375,0.8125,0.0,0.8125,43.875,0.875,0.0,98.5625,1.25,4.9375,40.0,3.0625,4.8125,0.0,2,0,95.8
67,1.25,0.0625,0.5,0.4375,0.0,0.1875,0.0,0.5,1.125,0.0,0.0,0.125,0.8125,0.0,0.4375,34.75,1.0625,0.0,74.125,0.875,7.375,29.1875,0.4375,3.8125,0.0,2,0,93.87
68,0.8125,0.375,0.625,1.8125,0.0,0.0,0.0,0.4375,0.75,0.0,0.0,0.375,0.3125,0.0,0.375,31.625,0.3125,0.0,41.6875,0.5625,4.625,22.0625,5.3125,5.4375,0.0,2,0,98.57
69,0.8125,0.5,0.625,4.0,0.0,0.375,0.0,0.5625,0.8125,0.0,0.0,0.25,0.25,0.0,0.4375,33.0625,0.4375,0.0,51.4375,0.6875,6.0,38.25,1.5,4.75,0.0,2,0,83.5
70,0.75,0.1875,0.625,2.5,0.0,0.3125,0.0,0.5625,0.75,0.0,0.0,0.25,1.125,0.0,1.0625,23.9375,0.375,0.0,68.875,0.1875,3.25,20.375,0.8125,3.6875,0.0625,2,0,101.2
71,0.25,0.4375,0.875,0.3125,0.0,0.1875,0.0,0.6875,1.0625,0.0,0.0,0.375,0.625,0.0,0.5,24.4375,0.25,0.0,58.125,0.0,3.0625,24.25,0.5,5.5,0.0,2,0,83.01
72,0.75,0.25,0.75,0.75,0.0,0.125,0.0,0.5625,0.4375,0.0,0.0,0.375,1.0,0.0,0.4375,25.0,0.375,0.0,71.4375,0.5,5.625,18.6875,1.625,4.3125,0.0,2,0,62.15
73,0.75,0.3125,0.5,1.8125,0.0,0.0625,0.0,0.5625,0.875,0.0,0.0,0.125,0.625,0.0,0.25,18.3125,0.5625,0.0,47.5625,0.0,2.625,15.0,0.3125,2.6875,0.0,2,0,90.67
74,1.25,0.375,0.5,0.3125,0.0,0.0,0.0,0.625,1.0625,0.0,0.0,0.125,0.75,0.0,0.375,20.5,0.125,0.0,44.25,0.375,3.0625,18.25,0.1875,3.4375,0.0,2,0,81.35
75,0.0625,0.125,0.375,1.25,0.0,0.0,0.0,0.0,0.4375,0.0,0.0,0.375,0.0625,0.0,0.0,5.3125,0.1875,0.0,6.6875,0.0,1.1875,2.5,0.0,3.625,0.0,2,0,100.0
76,0.0,0.125,0.25,1.1875,0.0,0.0,0.0,0.0,0.5,0.0,0.0,0.25,0.0625,0.0,0.0,4.4375,0.125,0.0,6.4375,0.0,0.8125,1.6875,0.0625,3.25,0.0,2,0,100.0
77,0.0,0.1875,0.375,0.5,0.0,0.375,0.0,0.4375,0.875,0.0,0.0,0.125,0.375,0.0,0.625,16.0625,0.25,0.0,23.375,1.5,3.1875,11.625,0.25,3.25,0.0,2,0,23.53
78,0.625,0.3125,0.625,1.8125,0.0,0.3125,0.0,0.9375,1.0,0.0,0.0,0.125,0.9375,0.0,0.375,29.8125,0.375,0.0,66.0625,11.125,7.875,11.4375,0.0,4.8125,0.0,2,0,58.27
79,0.1875,0.25,0.25,1.9375,0.0,1.4375,0.0,0.0,0.6875,0.0,0.0,0.25,0.25,0.0,0.0,7.5,0.25,0.0,12.5,0.3125,1.25,2.6875,0.0,8.5625,0.0,2,0,100.0
80,0.1875,0.375,0.25,1.6875,0.0,0.0625,0.0,0.375,0.375,0.0,0.0,0.0,0.625,0.0,0.3125,27.0,1.125,0.0,38.75,8.8125,3.3125,21.4375,0.6875,1.25,0.0,2,0,93.1
81,0.5625,0.125,0.375,0.4375,0.0,0.0625,0.0,0.4375,0.5625,0.0,0.0,0.0,0.6875,0.0,0.375,29.375,0.375,0.0,42.1875,6.6875,3.3125,20.8125,2.9375,4.125,0.0,2,0,89.86
82,0.5625,0.6875,1.25,10.4375,0.0,1.0,0.0,0.8125,2.9375,0.0,0.0,0.625,0.625,0.0,0.625,66.8125,0.9375,0.0,84.1875,8.1875,5.5,61.9375,14.375,8.1875,0.125,2,0,98.3
83,1.125,0.3125,0.875,10.0,0.0,1.0,0.0,0.5,0.9375,0.0,0.0,0.625,0.875,0.0,0.6875,39.75,1.75,0.0,55.125,15.3125,4.25,24.1875,2.625,5.3125,0.0,2,0,105.4
84,0.8125,0.1875,0.5,1.625,0.0,0.1875,0.0,0.375,1.3125,0.0,0.0,0.25,0.6875,0.0,0.4375,26.5,0.8125,0.0,46.1875,16.0,3.4375,30.75,0.0,3.25,0.0,2,0,102.4
85,1.4375,0.1875,0.5,2.0625,0.0,0.3125,0.0,0.5625,1.3125,0.0,0.0,0.125,0.8125,0.0,0.4375,43.75,0.6875,0.0,79.375,18.375,5.1875,27.5625,2.5625,4.0,0.875,2,0,96.5
86,0.0,0.1875,0.875,0.625,0.0,0.3125,0.0,0.375,1.0,0.0,0.0,0.375,0.5,0.0,0.375,25.0625,0.375,0.0,68.3125,11.8125,2.75,26.875,1.3125,4.75,0.0,2,0,87.92
87,0.4375,0.4375,0.625,0.5,0.0,0.1875,0.0,0.625,1.6875,0.0,0.0,0.375,0.0625,0.0,0.375,19.9375,0.6875,0.0,27.625,0.625,3.75,7.3125,2.0625,5.25,0.0,2,0,60.62
88,1.25,0.4375,0.375,1.875,0.0,0.4375,0.0,0.375,1.4375,0.0,0.0,0.125,0.625,0.0,0.4375,21.375,0.5,0.0,40.375,6.9375,5.125,33.375,1.0625,6.875,0.0,2,0,96.33
89,0.5625,0.25,0.25,2.5,0.0,0.8125,0.0,0.5625,0.875,0.0,0.0,0.0,1.0,0.0,0.4375,24.1875,0.3125,0.0,45.75,14.0625,8.3125,14.0625,1.4375,3.0,0.0,2,0,90.12
90,0.4375,0.1875,0.625,0.1875,0.0,0.0625,0.0,0.375,1.25,0.0,0.0,0.375,0.375,0.0,0.5,19.125,0.4375,0.0,38.3125,9.625,2.0,17.375,0.625,3.6875,0.0,2,0,90.0
91,1.75,0.5,0.375,12.0,0.0,0.875,0.0,0.6875,2.4375,0.0,0.0,0.0,0.875,0.0,0.6875,35.0625,0.5,0.0,80.375,26.0625,2.1875,22.625,3.0,3.5,0.0,2,0,76.45
92,0.5625,0.25,0.25,0.8125,0.0,0.1875,0.0,0.5625,1.0,0.0,0.0,0.0,0.8125,0.0,0.5,27.6875,1.0625,0.0,72.25,17.3125,6.625,27.5,0.0,3.125,0.0,2,0,98.0
93,0.8125,0.25,1.125,0.9375,0.0,0.4375,0.0,0.4375,0.875,0.0,0.0,0.625,0.75,0.0,0.4375,18.25,0.375,0.0,49.5,15.875,4.6875,22.0,0.0625,5.25,0.0,2,0,96.36
94,0.9375,0.0,0.625,3.0,0.0,0.125,0.0,0.375,0.8125,0.0,0.0,0.375,0.8125,0.0,0.6875,21.125,0.25,0.0,29.0,15.3125,3.25,20.3125,0.25,3.5,0.0,2,0,93.81
95,1.625,0.5625,0.5,2.125,0.0,0.875,0.0,0.5,1.6875,0.0,0.0,0.25,0.5625,0.0,0.6875,42.9375,0.5,0.0,84.3125,16.125,7.0,42.0,2.9375,4.1875,0.0,2,0,52.5
96,0.1875,0.125,0.625,0.5625,0.0,0.1875,0.0,0.5,0.75,0.0,0.0,0.375,0.75,0.0,0.375,17.5,1.1875,0.0,51.25,15.25,1.75,16.75,0.0,3.5625,0.0,2,0,95.39
97,1.125,0.375,0.25,0.5,0.0,1.25,0.0,0.375,2.5625,0.0,0.0,0.0,0.625,0.0,0.875,28.8125,0.3125,0.0,68.0625,4.25,5.625,25.5625,0.8125,1.25,0.125,2,0,69.93
98,1.0625,0.3125,0.875,3.0625,0.0,0.0,0.0,0.4375,2.0625,0.0,0.0,0.375,0.75,0.0,0.8125,36.5,2.8125,0.0,60.0,3.625,5.3125,34.25,2.8125,5.8125,0.625,2,0,101.7
99,2.375,1.0,0.5,0.25,0.0,1.25,0.0,0.75,2.0,0.0,0.0,0.25,0.625,0.0,0.375,33.3125,0.3125,0.0,68.3125,1.625,5.5625,21.9375,1.0,4.6875,0.125,2,0,74.32
100,0.5,0.3125,0.375,2.5,0.0,0.0625,0.0,0.375,1.5625,0.0,0.0,0.125,0.6875,0.0,0.5,25.125,0.5,0.0,43.25,1.75,5.3125,21.0,0.0,2.3125,0.0,2,0,99.08
101,0.6875,0.25,0.5,2.5,0.0,0.5,0.0,0.5625,1.1875,0.0,0.0,0.25,0.5,0.0,0.625,26.875,0.1875,0.0,46.625,1.4375,6.5,17.6875,1.625,3.0,0.0625,2,0,78.68
102,0.9375,0.625,0.625,7.375,0.0,0.8125,0.0,0.375,3.9375,0.0,0.0,0.25,0.4375,0.0,1.8125,55.4375,1.0,0.0,74.5,2.9375,5.625,29.25,8.125,12.75,0.0,2,0,98.5
103,0.8125,0.25,0.25,0.75,0.0,0.25,0.0,0.375,0.375,0.0,0.0,0.0,0.6875,0.0,0.3125,22.25,0.4375,0.0,45.1875,1.4375,4.9375,11.1875,1.875,2.375,0.25,2,0,97.03
104,1.125,0.25,1.25,11.125,0.0,0.0625,0.0,0.625,2.3125,0.0,0.0,0.75,0.75,0.0,0.4375,42.75,0.625,0.0,90.125,1.0625,6.0625,27.1875,2.625,6.4375,0.8125,2,0,97.4
105,0.3125,0.5,0.875,2.125,0.0,1.5,0.0,0.375,1.5625,0.0,0.0,0.375,0.5,0.0,0.5625,31.25,1.125,0.0,43.25,2.625,5.0,11.6875,2.875,6.8125,0.0625,2,0,88.38
106,1.375,0.5625,0.5,1.625,0.0,0.1875,0.0,0.75,0.9375,0.0,0.0,0.125,0.5625,0.0,0.5,32.6875,0.625,0.0,70.125,1.25,3.3125,21.9375,4.0625,4.875,0.125,2,0,77.9
107,1.0,0.375,1.125,2.1875,0.0,1.4375,0.125,0.375,2.4375,0.0,0.0,0.625,0.5625,0.0,0.4375,36.875,0.75,0.0,59.4375,0.5625,4.9375,33.1875,0.0,6.625,0.0,2,0,94.0
108,0.8125,0.875,0.75,0.25,0.0,0.8125,0.0,0.5625,0.5625,0.0,0.0,0.375,0.8125,0.0,0.6875,21.75,0.3125,0.0,59.3125,4.0,1.625,17.125,0.0,5.125,0.0,2,0,71.11
109,0.5625,0.375,0.625,0.5,0.0,0.625,0.0,0.375,1.0,0.0,0.0,0.25,0.5,0.0,0.375,19.25,0.3125,0.0,40.125,0.9375,2.75,9.25,0.4375,2.9375,0.0625,2,0,89.87
110,1.0625,0.1875,0.625,2.5625,0.0,0.0,0.0,0.375,1.3125,0.0,0.0,0.25,0.625,0.0,0.5,22.0,0.9375,0.0,42.4375,2.75,3.75,19.125,0.5,3.25,0.0625,2,0,103.5
111,0.75,0.0625,0.5,0.375,0.0,0.0,0.0,0.375,0.25,0.0,0.0,0.25,0.5625,0.0,0.3125,17.5,0.375,0.0,48.125,2.1875,2.3125,17.375,1.25,3.4375,0.0,2,0,91.58
112,0.9375,0.1875,0.375,3.625,0.0,0.1875,0.0,0.375,1.1875,0.0,0.0,0.0,0.8125,0.0,0.5,38.875,2.3125,0.0,79.6875,2.75,6.4375,21.875,0.75,2.9375,0.0,2,0,106.69
113,1.0,0.25,0.875,10.0,0.0,0.0,0.0,0.4375,1.0,0.0,0.0,0.625,0.8125,0.0,0.4375,17.25,0.4375,0.0,23.9375,1.0625,3.0625,6.75,0.3125,4.0,0.0,2,0,88.83
114,0.9375,0.25,0.625,1.25,0.0,0.125,0.0,0.5,2.8125,0.0,0.0,0.25,1.0625,0.0,0.625,30.8125,1.8125,0.0,93.625,1.5,4.3125,20.6875,1.0625,4.8125,0.125,2,0,84.9
115,0.0,0.4375,0.5,1.125,0.0,0.5,0.0,0.625,1.25,0.0,0.0,0.125,0.4375,0.0,0.25,19.375,0.375,0.0,34.625,3.4375,2.4375,12.5,0.0,2.75,0.0,2,0,27.04
116,0.0,0.4375,0.125,0.125,0.0,0.3125,0.0,0.25,0.75,0.0,0.0,0.0,0.0625,0.0,0.3125,10.8125,0.3125,0.0,15.375,1.8125,2.5,6.9375,0.875,0.75,0.0,2,0,28.86
117,0.0,0.0625,0.25,0.125,0.0,0.25,0.0,0.0,0.375,0.0,0.0,0.125,0.3125,0.0,0.3125,7.1875,0.1875,0.0,18.0,0.5625,1.25,6.6875,0.3125,2.1875,0.0,2,0,29.51
118,0.0,0.3125,0.25,0.0,0.0,0.0,0.0,0.0,0.375,0.0,0.0,0.25,0.0,0.0,0.0,8.125,0.1875,0.0,7.4375,0.0,0.5,3.5,0.0,4.8125,0.0,2,0,91.0
119,0.8125,0.4375,0.875,4.75,0.0,1.625,0.0,0.375,2.0625,0.0,0.0,0.5,0.9375,0.0,1.0,63.5,0.9375,0.0,65.75,1.0,2.125,52.75,11.625,12.75,0.1875,2,0,90.0
120,0.5,0.5,0.75,11.25,0.0,0.4375,0.0,0.625,1.5625,0.0,0.0,0.375,0.9375,0.0,0.625,63.75,1.125,0.0,146.75,1.1875,3.5625,37.375,7.625,4.875,0.0,2,0,97.2
121,1.0,0.3125,0.75,2.6875,0.0,0.0625,0.0,0.4375,0.6875,0.0,0.0,0.5,0.6875,0.0,0.3125,33.1875,0.3125,0.0,38.5625,0.6875,3.625,14.125,2.1875,4.1875,0.0,2,0,94.11
122,0.5625,0.1875,0.75,0.25,0.0,0.0,0.0,0.4375,0.375,0.0,0.0,0.5,0.6875,0.0,0.3125,14.0,0.3125,0.0,48.125,0.0,1.4375,14.625,1.4375,4.4375,0.125,2,0,98.3
123,0.375,0.375,0.875,0.875,0.0,0.1875,0.0,0.375,0.9375,0.0,0.0,0.625,0.375,0.0,0.3125,24.3125,0.3125,0.0,52.6875,0.875,2.6875,15.75,0.8125,4.25,0.125,2,0,88.3
124,0.25,0.25,1.375,2.875,0.0,0.125,0.0,0.8125,1.6875,0.0,0.0,0.375,0.5625,0.0,0.375,20.0625,0.625,0.0,46.875,0.1875,2.375,10.25,0.0625,8.625,0.0,2,0,41.64
125,0.0,0.1875,0.25,1.5,0.0,0.0625,0.0,0.0625,0.5,0.0,0.0,0.25,0.0625,0.0,0.0,9.3125,0.125,0.0,13.6875,0.1875,1.5,3.75,0.1875,4.5,0.0,2,0,99.0
126,1.125,0.5,0.75,3.6875,0.0,0.0625,0.0625,0.4375,1.3125,0.0,0.0,0.5,0.625,0.0,1.1875,34.9375,0.5625,0.0,67.1875,2.6875,5.8125,63.375,3.4375,5.5625,0.0,2,0,88.8
127,0.625,0.125,0.375,0.5,0.0,0.1875,0.0,0.8125,1.125,0.0,0.0,0.0,0.8125,0.0,0.6875,19.1875,0.4375,0.0,31.75,1.125,6.3125,20.1875,0.1875,3.1875,0.0625,2,0,97.87
128,0.75,0.1875,0.625,0.375,0.0,0.0625,0.0,0.375,0.1875,0.0,0.0,0.375,0.9375,0.0,0.25,23.8125,0.8125,0.0,33.5,0.3125,1.375,25.375,2.625,3.3125,0.0,2,0,105.83
129,0.125,0.0625,0.25,0.0,0.0,0.0,0.0,0.3125,0.1875,0.0,0.0,0.0,0.1875,0.0,0.0,4.625,0.0,0.0,16.375,0.0,0.375,5.25,0.25,1.4375,0.0,2,0,47.33
130,0.0,0.125,0.25,0.125,0.0,0.1875,0.0,0.375,0.5625,0.0,0.0,0.0,0.6875,0.0,0.375,15.0625,0.25,0.0,36.875,0.0,1.6875,17.375,0.5625,1.25,0.0,2,0,98.53
131,0.5,0.5,0.375,2.6875,0.0,0.375,0.0,0.625,1.0,0.0,0.0,0.0,0.75,0.0,0.375,32.125,0.75,0.0,44.5,0.25,11.0,16.0625,0.0,2.75,0.0,2,0,74.61
132,0.75,0.375,0.25,0.625,0.0,0.1875,0.0,0.5,1.625,0.0,0.0,0.0,0.8125,0.0,0.4375,23.6875,0.5,0.0,64.875,0.625,6.125,12.125,0.75,1.25,0.0,2,0,81.6
133,0.375,0.3125,0.5,1.4375,0.0,0.1875,0.0,0.4375,1.0625,0.0,0.0,0.25,0.5,0.0,0.5,29.4375,0.8125,0.0,43.0625,2.0,3.0625,35.75,0.5,2.25,0.0,2,0,97.3
134,0.5,0.5,0.5,3.5,0.0,0.3125,0.0,0.6875,1.4375,0.0,0.0,0.125,0.6875,0.0,0.8125,20.1875,0.75,0.0,29.5,0.8125,4.9375,22.0625,1.1875,3.625,0.0,2,0,74.02
135,0.0,0.125,0.25,2.75,0.0,0.0,0.0,0.0,0.625,0.0,0.0,0.25,0.125,0.0,0.0,7.0625,0.1875,0.0,10.5625,0.1875,1.1875,3.1875,0.3125,3.75,0.0,2,0,90.0
136,0.0,0.0,0.25,0.4375,0.0,0.0,0.0,0.1875,0.3125,0.0,0.0,0.125,0.3125,0.0,0.3125,9.75,0.125,0.0,20.875,0.1875,1.8125,4.375,0.125,1.125,0.0,2,0,25.51
137,0.0,0.25,0.5,0.75,0.0,0.0,0.0,0.0,0.4375,0.0,0.0,0.5,0.0,0.0,0.0,5.6875,0.0625,0.0,3.125,0.0,0.125,0.125,1.875,13.5,0.0625,2,0,95.0
138,0.5,0.5625,0.875,0.375,0.0,0.9375,0.0,0.4375,1.625,0.0,0.0,0.25,0.8125,0.0,0.3125,28.375,0.5625,0.0,63.125,29.125,3.9375,24.25,1.125,4.875,0.125,1,0,93.7
139,0.4375,0.375,0.75,0.375,0.0,0.375,0.0,0.5625,2.0,0.0,0.0,0.25,0.625,0.0,0.3125,31.25,0.4375,0.0,80.4375,11.125,3.9375,12.25,0.625,3.625,0.0625,1,0,75.52
140,1.0625,0.25,0.875,4.125,0.0,0.25,0.0,0.8125,1.5625,0.0,0.0,0.375,0.75,0.0,0.4375,36.625,1.1875,0.0,74.25,9.25,6.375,28.0625,1.875,4.375,0.0,1,0,86.91
141,1.1875,1.0625,0.625,0.875,0.0,1.1875,0.0,0.6875,2.4375,0.0,0.0,0.25,0.9375,0.0,1.0,57.875,1.0,0.0,111.875,14.875,12.0625,35.0,0.0625,4.375,0.0,1,0,77.59
142,0.375,0.375,0.5,1.4375,0.0,0.0,0.0,0.375,0.9375,0.0,0.0,0.25,0.625,0.0,0.4375,20.375,0.375,0.0,45.375,9.3125,5.5625,13.875,2.125,3.125,0.5,1,0,71.9
143,1.3125,0.25,0.375,0.1875,0.0,0.25,0.0,0.5625,1.3125,0.0,0.0,0.125,0.875,0.0,0.3125,22.8125,0.375,0.0,26.875,5.625,4.375,16.1875,3.25,3.0,0.0,1,0,85.74
144,1.0,0.1875,0.25,0.0,0.0,0.0625,0.0,0.375,0.1875,0.0,0.0,0.0,0.5,0.0,0.375,18.375,0.25,0.0,43.6875,3.5,2.875,16.4375,0.3125,1.4375,0.0625,1,0,94.73
145,2.125,0.0,0.5,2.3125,0.0,0.5625,0.0,0.375,0.8125,0.0,0.0,0.25,0.6875,0.0,0.4375,26.1875,1.875,0.0,45.8125,12.5625,4.1875,21.25,1.8125,3.5,0.125,1,0,104.9
146,0.875,0.3125,0.5,0.375,0.0,0.1875,0.0,0.4375,0.75,0.0,0.0,0.25,0.625,0.0,0.5,25.3125,0.4375,0.0,30.25,11.875,1.6875,22.8125,0.6875,3.625,0.1875,1,0,95.03
147,1.0,0.25,0.5,2.75,0.0,0.0625,0.0,0.375,2.1875,0.0,0.0,0.25,0.5625,0.0,0.4375,25.5625,0.25,0.0,43.9375,10.9375,4.8125,12.625,0.5625,4.25,0.0625,1,0,67.07
148,3.125,0.6875,0.625,18.125,0.0,0.5,0.0,0.4375,3.1875,0.0,0.0,0.125,0.75,0.0,0.6875,51.9375,1.125,0.0,69.0625,10.1875,5.3125,28.875,1.0,4.625,0.0,1,0,95.6
149,0.625,0.6875,0.875,0.25,0.0,0.3125,0.0,0.8125,2.375,0.0,0.0,0.25,0.3125,0.0,0.4375,20.0,0.25,0.0,41.1875,1.375,4.5625,13.875,2.3125,5.8125,0.0,1,0,65.78
150,0.75,0.4375,0.5,2.375,0.0,0.0,0.0,0.5,1.6875,0.0,0.0,0.125,0.8125,0.0,0.25,27.125,0.25,0.0,65.5625,5.4375,4.8125,30.75,1.8125,3.125,0.0,1,0,94.3
151,0.125,0.0,0.125,5.125,0.0,0.1875,0.0,0.125,0.4375,0.0,0.0,0.125,0.0,0.0,0.375,17.5625,0.1875,0.0,25.0,0.0,4.3125,9.625,0.3125,0.5625,0.0,1,0,67.23
152,0.0,0.0,0.0,0.1875,0.0,0.0,0.0,0.0,0.0,0.0,0.0,0.0,0.0,0.0,0.0,0.1875,0.0,0.0,0.0,0.0,0.0625,0.0,0.0,0.0,0.0,1,0,0.0
153,0.5625,0.5,0.75,0.8125,0.0,0.125,0.0,0.625,0.8125,0.0,0.0,0.125,0.6875,0.0,0.3125,24.875,0.1875,0.0,78.0,2.125,3.6875,17.8125,0.0,3.75,0.0,1,0,68.82
154,1.25,0.6875,0.875,4.375,0.0,0.75,0.0,0.875,1.0625,0.0,0.0,0.625,0.8125,0.0,0.75,37.75,0.5,0.0,55.1875,16.75,4.5625,28.0,1.5625,4.9375,0.125,1,0,68.76
155,0.625,0.375,0.625,2.9375,0.0,0.1875,0.0,0.375,0.5625,0.0,0.0,0.25,0.6875,0.0,0.6875,18.5,0.3125,0.0,34.125,12.5625,1.4375,13.5625,0.625,4.375,0.0,1,0,85.5
156,2.25,0.5,0.5,6.875,0.0,0.25,0.0,0.5625,1.875,0.0,0.0,0.25,0.625,0.0,0.75,45.3125,0.5,0.0,77.1875,25.375,7.3125,19.25,0.0625,4.125,0.0,1,0,99.5
157,1.8125,0.5,1.0,2.6875,0.0,0.25,0.0,0.375,2.0,0.0,0.0,0.5,0.625,0.0,0.375,31.6875,0.6875,0.0,50.8125,5.6875,6.1875,22.5625,1.1875,7.0,0.0625,1,0,102.0
158,1.4375,0.0625,0.25,1.3125,0.0,0.1875,0.0,0.375,0.625,0.0,0.0,0.0,0.6875,0.0,0.3125,20.9375,0.6875,0.0,44.75,7.6875,5.25,11.625,0.0,1.5,0.0,1,0,56.91
159,0.6875,0.25,0.625,1.6875,0.0,0.3125,0.0,0.5,0.75,0.0,0.0,0.375,0.75,0.0,0.5,23.8125,0.9375,0.0,63.875,9.625,2.8125,14.9375,1.125,3.75,0.0625,1,0,87.48
160,0.875,0.625,0.625,4.125,0.0,0.3125,0.0,0.5,1.25,0.0,0.0,0.375,0.75,0.0,0.8125,25.0,0.5,0.0,44.125,14.75,4.8125,10.4375,0.1875,2.75,0.0,1,0,97.5
161,1.5,0.375,1.0,1.125,0.0,0.3125,0.0,0.375,0.8125,0.0,0.0,0.75,0.6875,0.0,0.3125,22.0625,0.5,0.0,38.375,7.5,5.0,22.375,1.625,6.4375,0.0,1,0,101.3
162,0.75,0.375,0.75,0.3125,0.0,0.0,0.0,0.4375,1.0625,0.0,0.0,0.25,0.6875,0.0,0.625,27.1875,0.6875,0.0,61.0625,0.875,3.5625,26.375,0.0,5.125,0.0,1,0,109.4
163,0.5625,0.125,0.5,5.625,0.0,0.0625,0.0,0.4375,0.5625,0.0,0.0,0.125,0.5625,0.0,0.5,20.625,1.125,0.0,33.0625,14.6875,3.0625,22.0,0.5625,3.75,0.0625,1,0,100.67
164,0.0,0.625,0.25,0.5,0.0,0.125,0.0,0.4375,1.0,0.0,0.0,0.0,0.25,0.0,0.125,33.375,0.375,0.0,86.125,5.9375,3.0625,16.5,0.625,2.25,0.0,1,0,94.79
165,0.0,0.125,0.5,0.5625,0.0,0.125,0.0,0.5,1.0,0.0,0.0,0.25,0.3125,0.0,0.3125,9.5625,0.125,0.0,8.625,0.0,2.5,4.625,1.375,3.125,0.0625,1,0,49.33
166,0.0,0.0,0.0,0.375,0.0,0.125,0.0,0.0,0.3125,0.0,0.0,0.0,0.0625,0.0,0.0,5.0,0.1875,0.0,12.3125,0.1875,1.625,4.8125,0.25,0.0,0.0,1,0,5.13
167,1.5,0.625,0.875,1.875,0.0,0.875,0.0,0.375,2.4375,0.0,0.0,0.5,0.125,0.0,0.4375,44.375,1.25,0.0,84.125,3.6875,6.0625,15.125,0.0625,5.6875,0.0,1,0,60.18
168,0.375,0.25,1.125,7.125,0.0,0.3125,0.0,0.375,0.625,0.0,0.0,0.625,0.5,0.0,0.3125,11.4375,0.75,0.0,28.5625,4.9375,1.0,10.625,0.0,5.125,0.0,1,0,87.22
169,0.6875,0.3125,0.625,0.9375,0.0,0.125,0.0,0.5,1.625,0.0,0.0,0.375,0.125,0.0,0.5625,25.875,0.8125,0.0,43.75,0.75,2.9375,10.6875,1.8125,5.1875,0.0625,1,0,61.2
170,0.875,0.5,0.375,10.6875,0.0,0.375,0.0,0.4375,2.625,0.0,0.0,0.125,0.5625,0.0,0.375,40.0625,1.3125,0.0,59.375,12.3125,5.4375,17.0,0.4375,2.8125,0.0,1,0,73.13
171,1.1875,0.8125,0.5,2.25,0.0,0.625,0.0,0.375,4.5625,0.0,0.0,0.0,0.875,0.0,0.9375,53.125,2.625,0.0,114.125,15.75,6.4375,31.125,3.5,3.6875,0.0,1,0,83.6
172,1.3125,0.375,0.5,6.3125,0.0,0.25,0.0625,0.5625,2.6875,0.0,0.0,0.125,0.5625,0.0,0.8125,24.5,0.75,0.0,98.25,4.0625,7.6875,27.6875,2.25,4.5,0.0,1,0,96.4
173,0.75,0.3125,0.5,1.125,0.0,0.0625,0.0,0.5625,1.0,0.0,0.0,0.25,0.4375,0.0,0.3125,17.625,0.625,0.0,34.625,10.8125,3.625,16.0625,1.1875,3.75,0.0,1,0,64.65
174,0.6875,0.4375,0.375,0.9375,0.0,0.3125,0.0,0.4375,0.9375,0.0,0.0,0.125,0.5,0.0,0.25,22.75,0.625,0.0,52.25,6.625,2.6875,8.4375,0.0625,1.9375,0.0625,1,0,68.22
175,0.6875,0.375,0.625,0.0625,0.0,0.125,0.0,0.1875,1.125,0.0,0.0,0.375,0.875,0.0,0.3125,28.5625,0.4375,0.0,58.25,7.6875,3.875,19.0,0.0,3.0,0.0,1,0,83.34
176,0.625,0.5,0.75,1.5,0.0,0.25,0.0,0.5,0.9375,0.0,0.0,0.375,0.6875,0.0,0.375,31.6875,0.75,0.0,51.1875,19.6875,5.625,17.8125,0.0,4.0625,0.0,1,0,105.32
177,0.8125,0.125,0.75,0.6875,0.0,0.125,0.0,0.5625,3.125,0.0,0.0,0.5,0.8125,0.0,0.375,16.5625,0.5,0.0,68.625,13.4375,3.5625,24.625,0.75,4.75,0.0,1,0,95.8
178,0.5,0.375,0.5,0.0,0.0,0.25,0.0,0.5,1.75,0.0,0.0,0.125,0.9375,0.0,0.375,38.75,0.375,0.0,97.5625,13.75,6.5,36.875,0.0,2.5,0.0,1,0,89.04
179,0.0,0.25,0.125,0.0,0.0,0.0,0.0,0.25,0.3125,0.0,0.0,0.0,0.3125,0.0,0.5625,5.3125,0.0,0.0,7.3125,2.25,1.625,2.25,0.1875,0.75,0.0,1,0,5.08
180,0.6875,0.375,0.625,9.5,0.0,0.375,0.0,0.375,3.1875,0.0,0.0,0.125,0.5,0.0,0.5625,60.0,1.6875,0.0,72.8125,20.9375,7.9375,65.0625,11.9375,6.5,2.8125,4,0,101.4
181,0.5,0.25,0.5,0.3125,0.0,0.375,0.0,0.375,1.125,0.0,0.0,0.0,0.75,0.0,1.0,39.0625,0.75,0.0,90.5,17.1875,6.1875,27.4375,1.375,5.9375,0.125,4,0,94.2
182,0.875,0.25,0.375,3.375,0.0,0.1875,0.0,0.4375,2.5,0.0,0.0,0.125,0.4375,0.0,0.4375,12.625,0.375,0.0,29.125,19.6875,2.5625,27.5625,0.3125,2.5,0.0,4,0,108.0
183,2.6875,0.375,0.75,5.0625,0.0,0.4375,0.0,0.5,1.3125,0.0,0.0,0.25,0.6875,0.0,1.375,34.1875,2.25,0.0,104.5625,24.1875,5.625,32.875,2.1875,6.5625,0.4375,4,0,99.7
184,0.8125,0.4375,0.75,8.9375,0.0,0.625,0.0,0.9375,2.0625,0.0,0.0,0.125,0.6875,0.0,0.5625,34.6875,0.3125,0.0,60.625,9.1875,5.3125,19.0625,0.0,4.0625,0.0,4,0,71.68
185,0.6875,0.25,1.625,0.6875,0.0,0.5625,0.0625,0.6875,1.9375,0.0,0.0,0.75,0.875,0.0,0.3125,31.3125,0.4375,0.0,59.25,9.3125,3.125,25.5625,0.0,8.3125,0.0,4,0,75.79
186,0.5625,0.3125,0.5,0.125,0.0,0.1875,0.0,0.4375,1.125,0.0,0.0,0.25,0.8125,0.0,0.4375,20.5625,0.5,0.0,51.625,21.0,1.9375,23.0625,0.1875,2.875,0.0,4,0,101.1
187,0.75,1.25,1.0,0.6875,0.0,2.6875,0.0,0.75,3.1875,0.0,0.0,0.125,0.625,0.0,0.3125,42.4375,0.25,0.0,92.75,17.4375,5.625,18.4375,0.0,5.1875,0.0,4,0,58.07
188,1.375,0.25,0.75,13.9375,0.0,0.1875,0.0,0.625,1.3125,0.0,0.0,0.25,0.75,0.0,1.1875,50.6875,2.0625,0.0,81.125,11.625,5.6875,35.75,0.0625,6.875,0.0,4,0,98.2
189,0.75,0.4375,0.75,3.8125,0.0,0.625,0.0,0.5625,1.25,0.0,0.0,0.375,0.3125,0.0,0.25,28.1875,0.1875,0.0,70.5,12.0,4.6875,27.0,0.9375,3.875,0.0,4,0,85.79
190,0.625,0.1875,0.75,0.3125,0.0,0.1875,0.0,0.5,3.0625,0.0,0.0,0.125,0.75,0.0,0.375,49.8125,2.0,0.0,100.125,14.25,6.0,24.625,0.0,3.6875,0.0,4,0,76.7
191,0.75,0.375,0.5,3.625,0.0,0.375,0.0,0.375,0.4375,0.0,0.0,0.25,0.4375,0.0,0.375,26.75,0.4375,0.0,43.6875,16.25,4.1875,36.375,0.0,2.8125,0.0,4,0,101.61
192,0.9375,0.625,1.125,6.3125,0.0,0.3125,0.0,0.4375,1.1875,0.0,0.0,0.75,0.5,0.0,0.6875,29.625,0.5625,0.0,44.25,17.5625,3.375,33.5625,0.0,8.125,0.0,4,0,105.0
193,0.125,0.1875,0.375,0.125,0.0,0.0625,0.0,0.1875,0.625,0.0,0.0,0.25,0.0,0.0,0.375,17.0,0.625,0.0,37.9375,18.0625,1.25,14.6875,0.0,2.25,0.0,4,0,60.05
194,0.9375,0.1875,0.625,1.875,0.0,0.5,0.0,0.625,4.0,0.0,0.0,0.25,0.5,0.0,0.5,37.25,0.125,0.0,88.5,16.4375,6.125,43.6875,0.125,4.4375,0.0625,4,0,76.5
195,1.125,0.3125,0.375,4.8125,0.0,0.375,0.0,0.5,0.9375,0.0,0.0,0.25,0.8125,0.0,0.625,29.0625,0.25,0.0,48.6875,12.8125,7.75,59.375,0.0,3.1875,0.0,4,0,50.1
196,0.375,0.3125,0.5,0.375,0.0,0.1875,0.0,0.6875,0.5625,0.0,0.0,0.125,0.625,0.0,0.25,15.25,0.25,0.0,26.375,8.9375,2.75,18.4375,0.0,2.5,0.0,4,0,78.31
197,0.0,0.125,0.625,1.8125,0.0,0.0625,0.0,0.0,0.5,0.0,0.0,0.625,0.0625,0.0,0.0,13.6875,0.75,0.0,8.6875,3.5,1.25,8.125,2.125,10.25,0.75,4,0,95.0
198,0.0,0.5,0.5,2.3125,0.0,0.125,0.0,0.375,1.75,0.0,0.0,0.0,1.0625,0.0,0.375,44.3125,0.875,0.0,84.125,12.8125,5.5,31.0,3.5,3.875,0.0,5,0,88.7
199,0.0,0.3125,0.625,4.875,0.0,2.875,0.0,0.4375,3.5625,0.0,0.0,0.125,0.6875,0.0,0.4375,54.5,2.3125,0.0,134.75,7.8125,6.375,38.4375,4.5,5.0625,0.0,5,0,80.55
200,0.0,0.25,0.375,2.0625,0.0,0.0625,0.0,0.5625,1.8125,0.0,0.0,0.125,0.8125,0.0,0.3125,61.8125,2.375,0.0,131.875,8.8125,5.0625,41.4375,7.375,4.9375,0.0,5,0,85.2
201,0.0,0.3125,0.625,16.0625,0.0,0.8125,0.0,0.5,3.125,0.0,0.0,0.125,0.4375,0.0,1.0625,58.5,2.1875,0.0,60.25,19.125,7.0625,26.5,3.9375,5.875,0.375,5,0,101.5
202,0.0,0.125,0.625,2.0625,0.0,0.125,0.0,0.375,0.4375,0.0,0.0,0.375,0.375,0.0,0.25,19.6875,0.3125,0.0,40.0,10.0625,1.3125,31.6875,8.25,3.5,0.0,5,0,79.63
203,0.0,0.8125,0.75,4.375,0.0,2.25,0.0,0.5,3.0625,0.0,0.0,0.375,0.625,0.0,0.9375,80.8125,1.4375,0.0,390.375,14.1875,12.25,65.9375,30.75,7.25,0.125,5,0,67.3
204,0.0,0.5,0.625,7.3125,0.0,0.3125,0.0,0.8125,2.3125,0.0,0.0,0.25,0.75,0.0,0.75,45.375,0.9375,0.0,58.875,14.8125,4.1875,37.375,9.0,8.0,0.1875,5,0,100.9
205,0.0,0.3125,0.75,2.3125,0.0,2.0,0.0,0.5625,1.5,0.0,0.0,0.375,0.9375,0.0,1.3125,16.6875,0.25,0.0,43.0,10.375,3.125,21.1875,0.1875,5.6875,0.0,5,0,91.08
206,0.0,0.5,0.375,14.0625,0.0,0.0,0.0,0.5625,0.9375,0.0,0.0,0.125,0.8125,0.0,0.5625,34.6875,1.125,0.0,51.25,5.1875,2.625,11.75,2.375,3.5,0.0,5,0,65.37
207,0.0,0.0625,0.625,1.8125,0.0,0.125,0.0,0.4375,1.3125,0.0,0.0,0.25,0.5,0.0,0.375,24.9375,0.25,0.0,74.5625,5.8125,4.625,17.0625,0.0,2.75,0.0,5,0,86.28
208,0.0,0.8125,0.75,8.4375,0.0,0.5,0.0,0.5625,3.875,0.0,0.0,0.5,0.6875,0.0,0.5625,32.5,0.4375,0.0,46.1875,10.75,4.4375,26.3125,1.3125,4.8125,0.0,5,0,91.0
209,0.0,0.3125,0.375,1.0,0.0,0.0625,0.0,0.375,0.9375,0.0,0.0,0.125,0.125,0.0,0.4375,23.6875,0.4375,0.0,39.75,2.75,5.0,12.0625,2.125,2.3125,0.0,5,0,95.33
210,0.0,0.375,0.375,1.1875,0.0,0.0,0.0,0.5625,0.75,0.0,0.0,0.0,0.875,0.0,0.4375,22.5625,0.6875,0.0,40.5,19.3125,6.3125,10.125,0.0,1.5,0.0,5,0,68.21
211,0.0,0.6875,0.625,4.875,0.0,0.875,0.0,0.625,1.9375,0.0,0.0,0.375,0.6875,0.0,0.5625,19.1875,1.0,0.0,24.4375,4.0625,7.0625,9.875,0.4375,5.1875,0.0,5,0,71.8
212,0.0,0.125,0.0,2.0,0.0,0.125,0.0,0.0,0.1875,0.0,0.0,0.0,0.125,0.0,0.0,5.75,0.125,0.0,3.375,0.1875,1.5625,2.625,0.0625,0.0,0.0,5,0,1.45
213,0.0,0.1875,0.0,0.3125,0.0,0.375,0.0,0.0,0.8125,0.0,0.0,0.0,0.1875,0.0,0.0,10.4375,0.625,0.0,20.125,1.875,1.8125,7.5625,0.0,0.0,0.0,5,0,4.25
214,0.0,0.125,0.0,2.375,0.0,0.0,0.0,0.0,0.4375,0.0,0.0,0.0,0.0,0.0,0.0,3.875,0.125,0.0,5.875,0.0,0.625,1.0,0.0,0.125,0.0,5,0,0.5
215,0.0,0.0,0.0,0.9375,0.0,0.125,0.0,0.0,0.8125,0.0,0.0,0.0,0.125,0.0,0.0,12.25,0.4375,0.0,32.4375,0.5,3.4375,6.875,1.0625,0.25,0.0,5,0,4.18
216,0.375,0.3125,0.75,0.8125,0.0,1.5,0.0,0.8125,2.0625,0.0,0.0,0.25,0.625,0.0,0.25,30.5,0.5625,0.0,107.75,16.4375,4.5625,51.875,0.0,3.6875,0.0,2,0,75.82
217,0.5,0.375,0.875,3.625,0.0,0.25,0.0,0.375,1.6875,0.0,0.0,0.625,0.375,0.0,0.25,25.5,2.25,0.0,43.875,19.75,2.5625,22.9375,0.5,6.5,0.0,2,0,102.84
218,0.6875,1.4375,0.5,16.5625,0.0,0.875,0.0,0.625,2.6875,0.0,0.0,0.125,0.0625,0.0,0.4375,45.0,0.8125,0.0,209.3125,27.375,4.4375,57.6875,2.5,4.9375,0.0,2,0,102.0
219,1.3125,1.0625,0.5,24.4375,0.0,0.5,0.0,0.625,2.875,0.0,0.0,0.0,0.75,0.0,2.875,52.25,0.8125,0.0,94.0625,49.1875,8.5,42.8125,0.0,7.625,0.0,2,0,95.5
220,1.125,0.4375,0.25,3.125,0.0,0.3125,0.0,0.375,2.75,0.0,0.0,0.0,0.375,0.0,0.6875,47.1875,0.8125,0.0,75.1875,19.5625,9.3125,35.125,2.5625,3.375,0.0,2,0,100.0
221,3.25,0.5,0.75,3.0625,0.0,0.625,0.0,0.4375,2.5,0.0,0.0,0.25,0.75,0.0,0.4375,41.75,1.25,0.0,44.25,16.6875,7.8125,38.125,1.6875,6.6875,0.0625,2,0,102.18
222,0.625,0.3125,0.625,1.3125,0.0,0.25,0.0,0.25,1.125,0.0,0.0,0.375,0.3125,0.0,0.4375,35.4375,0.3125,0.0,52.0625,21.25,4.75,22.125,5.125,7.0,0.625,2,0,100.5
223,0.5625,0.0625,0.625,4.8125,0.0,0.0,0.0,0.1875,0.5625,0.0,0.0,0.375,0.0625,0.0,0.3125,29.0625,0.3125,0.0,67.5625,13.3125,2.3125,22.1875,0.0,3.5625,0.0,2,0,93.93
224,1.0625,0.375,0.75,7.375,0.0,0.5,0.0,0.4375,1.3125,0.0,0.0,0.375,0.5,0.0,0.3125,29.8125,0.9375,0.0,96.5625,15.5625,1.8125,40.1875,1.6875,5.0625,0.125,2,0,95.68
225,1.75,0.125,0.75,10.1875,0.0,0.1875,0.0,0.5625,1.1875,0.0,0.0,0.375,0.75,0.0,0.375,21.625,1.1875,0.0,46.3125,21.8125,2.5,17.125,0.6875,5.125,0.0625,2,0,98.47
226,0.9375,0.375,0.375,0.125,0.0,0.3125,0.0625,0.5625,0.8125,0.0,0.0,0.25,0.25,0.0,0.3125,16.75,0.5625,0.0,32.3125,12.875,1.6875,17.5625,1.0625,3.3125,0.125,2,0,71.13
227,1.25,0.25,0.75,1.5,0.0,0.3125,0.0,0.4375,1.0,0.0,0.0,0.375,0.4375,0.0,0.375,23.25,0.875,0.0,46.625,15.625,2.0,18.0,0.0,4.25,0.0,2,0,101.6
228,0.8125,0.25,0.75,1.375,0.0,0.1875,0.0,0.4375,0.4375,0.0,0.0,0.375,0.5625,0.0,0.375,21.375,0.25,0.0,42.0,17.375,0.875,22.75,0.25,4.625,0.0625,2,0,103.2
229,0.5625,0.5,0.625,0.5,0.0,0.125,0.0,0.375,0.5625,0.0,0.0,0.375,0.0625,0.0,0.375,19.625,0.5625,0.0,23.625,17.375,1.25,13.6875,1.0,4.4375,0.0,2,0,51.02
230,0.0,0.125,0.5,2.3125,0.0,0.0,0.0,0.0,0.375,0.0,0.0,0.5,0.125,0.0,0.0,8.5,0.1875,0.0,12.25,0.5,0.9375,2.5,4.875,5.4375,0.0,2,0,100.0
231,0.75,0.375,0.75,1.0625,0.0,0.5,0.0,0.375,1.1875,0.0,0.0,0.5,0.4375,0.0,0.25,19.5,0.5625,0.0,50.625,14.125,4.625,14.6875,0.1875,5.0625,0.0,2,0,102.2
232,0.25,0.0625,0.25,0.0,0.0,0.1875,0.0,0.375,0.6875,0.0,0.0,0.0,0.4375,0.0,0.3125,24.1875,0.3125,0.0,56.9375,17.375,1.3125,16.375,0.375,2.875,0.0,2,0,89.47
233,0.5625,0.0625,0.5,0.375,0.0,0.1875,0.0,0.5,1.1875,0.0,0.0,0.125,0.5625,0.0,0.5,18.1875,0.625,0.0,79.3125,15.375,3.0625,36.625,0.3125,3.25,0.0,2,0,93.5
234,0.375,0.3125,0.5,0.4375,0.0,0.3125,0.0,0.5625,1.125,0.0,0.0,0.25,0.4375,0.0,0.375,29.75,0.6875,0.0,69.625,15.0625,3.0625,28.375,0.1875,4.25,0.0,2,0,96.28
235,0.9375,0.5,0.875,2.25,0.0,0.375,0.0,0.375,1.625,0.0,0.0,0.375,0.75,0.0,0.5,39.125,0.6875,0.0,71.375,36.0,2.0625,28.6875,0.8125,7.1875,0.0,2,0,101.9
236,0.25,0.4375,0.5,1.9375,0.0,0.5,0.0,0.4375,2.125,0.0,0.0,0.25,0.75,0.0,0.625,37.6875,1.0,0.0,54.8125,22.5,4.0,26.5,2.375,4.0625,0.0625,2,0,93.41
237,0.625,0.5,0.375,1.125,0.0,0.4375,0.0,0.4375,2.6875,0.0,0.0,0.125,0.4375,0.0,0.4375,24.5,0.6875,0.0,72.625,17.6875,2.875,33.8125,0.75,2.875,0.0625,2,0,101.7
238,1.25,0.0625,0.75,2.1875,0.0,0.5625,0.0,0.375,1.5625,0.0,0.0,0.25,1.0,0.0,0.4375,37.125,2.25,0.0,92.125,15.25,4.0,32.875,2.25,4.25,0.8125,2,0,106.9
239,0.5,1.125,1.125,12.5,0.0,1.4375,0.0,1.3125,2.125,0.0,0.0,0.625,0.6875,0.0,1.5,30.625,0.1875,0.0,38.625,11.375,5.8125,11.3125,2.0,5.75,0.0,2,0,45.25
240,1.1875,0.1875,0.875,1.125,0.0,0.125,0.0,0.375,1.5625,0.0,0.0,0.375,0.75,0.0,0.4375,28.0,0.9375,0.0,66.125,19.625,2.5625,22.0625,0.0,4.5625,0.0,2,0,99.0
241,0.4375,0.625,0.375,0.8125,0.0,0.25,0.0,0.8125,1.75,0.0,0.0,0.125,0.125,0.0,0.5,17.875,0.5,0.0,50.4375,1.375,2.9375,19.75,0.6875,3.8125,0.0,2,0,86.74
242,0.5625,0.1875,0.375,1.1875,0.0,0.125,0.0,0.375,1.25,0.0,0.0,0.125,0.1875,0.0,0.375,23.0625,0.5625,0.0,31.9375,2.0,3.4375,18.5,0.875,3.25,0.0,2,0,97.21
243,0.125,0.5625,0.25,1.0625,0.0,0.1875,0.0,0.75,0.8125,0.0,0.0,0.0,0.875,0.0,0.3125,15.75,0.5625,0.0,36.4375,10.9375,2.125,6.875,0.0,1.625,0.0,2,0,67.19
244,1.25,0.1875,0.75,0.875,0.0,0.1875,0.0,0.4375,1.0625,0.0,0.0,0.375,0.9375,0.0,0.4375,30.375,1.0625,0.0,60.125,24.625,4.6875,18.6875,0.0,3.875,0.0,2,0,98.7
245,0.0,0.125,0.25,0.5625,0.0,0.0,0.0,0.0,0.1875,0.0,0.0,0.25,0.0,0.0,0.0,3.125,0.0,0.0,4.25,0.0,0.0,0.125,0.0,4.5,0.0,2,0,100.0
246,0.0,0.0625,0.25,1.625,0.0,0.1875,0.0,0.0,1.0,0.0,0.0,0.25,0.125,0.0,0.0,17.0,0.625,0.0,18.375,5.4375,1.5,7.375,2.1875,4.1875,0.125,2,0,95.0
247,1.25,0.3125,0.25,3.8125,0.0,0.5625,0.0,0.4375,2.0,0.0,0.0,0.0,0.8125,0.0,0.5625,49.375,0.75,0.0,77.0625,17.875,9.4375,28.8125,0.0,5.1875,0.0,2,0,90.33
248,1.375,0.4375,1.375,5.125,0.0,0.75,0.0625,0.5,1.8125,0.0,0.0,0.875,0.625,0.0,1.25,48.0,1.5625,0.0,61.6875,25.25,4.5625,43.0625,7.6875,9.9375,0.0625,2,0,108.5
249,0.125,0.1875,0.875,0.4375,0.0,0.1875,0.0,0.375,1.0625,0.0,0.0,0.375,0.1875,0.0,0.4375,20.3125,0.625,0.0,37.5,1.1875,2.0,8.0,1.375,5.0625,0.0,2,0,93.81
250,0.5,0.3125,0.75,1.1875,0.0,0.3125,0.0,0.5,1.0625,0.0,0.0,0.375,0.375,0.0,0.375,20.8125,0.625,0.0,48.0,7.9375,3.1875,33.9375,0.375,3.875,0.0,2,0,96.96
251,0.0,0.125,0.25,3.1875,0.0,0.25,0.0,0.0,0.75,0.0,0.0,0.25,0.0625,0.0,0.0,9.375,0.5625,0.0,12.1875,0.1875,1.4375,4.8125,0.0,4.0625,0.0,2,0,99.0
252,0.625,0.5,0.625,0.375,0.0,0.25,0.0,0.5625,1.25,0.0,0.0,0.375,0.125,0.0,0.5625,38.8125,0.3125,0.0,64.625,25.0625,4.125,47.25,4.1875,7.125,0.125,2,0,97.4
253,0.0,0.125,0.375,0.375,0.0,0.0,0.0,0.4375,1.4375,0.0,0.0,0.125,0.5625,0.0,0.5,11.6875,0.125,0.0,29.3125,10.0625,0.875,8.25,0.25,2.8125,0.0,2,0,76.98
254,0.9375,0.25,0.625,3.375,0.0,0.3125,0.0,0.4375,2.375,0.0,0.0,0.125,0.6875,0.0,0.375,39.4375,0.875,0.0,80.3125,23.625,4.9375,18.0,5.5,5.4375,2.4375,2,0,85.59
255,0.5,0.3125,0.75,0.875,0.0,0.1875,0.0,0.5625,1.25,0.0,0.0,0.5,0.6875,0.0,0.4375,31.8125,0.875,0.0,46.0625,24.9375,3.4375,22.5625,1.5,7.3125,0.1875,2,0,104.4
256,0.25,0.625,0.75,1.75,0.0,0.5625,0.0,0.4375,1.9375,0.0,0.0,0.5,0.1875,0.0,0.25,25.4375,0.5,0.0,59.9375,24.875,3.5,18.125,0.0,4.6875,0.0,2,0,78.58
257,0.25,0.25,0.875,3.125,0.0,0.3125,0.0,0.4375,1.0,0.0,0.0,0.375,0.5,0.0,0.4375,29.375,0.75,0.0,34.8125,15.125,1.875,16.4375,14.4375,5.1875,0.125,2,0,98.29
258,0.5625,0.375,0.5,1.6875,0.0,1.375,0.0,0.0625,2.25,0.0,0.0,0.0,0.8125,0.0,0.5,36.875,0.625,0.0,53.4375,14.875,4.3125,16.5625,3.125,3.5625,0.125,2,0,82.97
259,2.6875,0.5,0.625,0.5,0.0,1.8125,0.0,0.625,2.125,0.0,0.0,0.25,0.75,0.0,5.75,95.4375,1.0625,0.0,155.4375,29.375,6.3125,42.3125,0.0,7.75,0.0,2,0,75.96
260,0.5625,0.125,0.625,0.375,0.0,0.125,0.0,0.4375,0.625,0.0,0.0,0.375,0.625,0.0,0.375,23.0,0.625,0.0,51.9375,11.625,3.6875,13.75,1.0625,3.375,0.25,2,0,96.66
261,1.3125,0.4375,0.875,17.25,0.0,0.375,0.0,0.4375,1.9375,0.0,0.0,0.375,0.6875,0.0,0.75,49.75,1.75,0.0,73.75,22.4375,7.875,32.0625,3.3125,7.5625,0.0,2,0,94.1
262,0.75,0.125,0.5,0.6875,0.0,0.6875,0.0,0.375,2.625,0.0,0.0,0.25,0.6875,0.0,1.1875,20.3125,0.6875,0.0,34.75,20.125,3.25,14.3125,1.125,3.625,0.0,2,0,91.4
263,0.0,0.0625,0.75,0.125,0.0,0.0625,0.0,0.5625,0.5,0.0,0.0,0.5,0.5,0.0,0.375,9.9375,0.25,0.0,26.5625,9.6875,1.75,5.8125,0.0,4.25,0.0,2,0,25.47
264,0.0,0.0625,0.25,2.625,0.0,0.0,0.0,0.0,0.4375,0.0,0.0,0.25,0.125,0.0,0.0,10.0625,0.25,0.0,12.4375,0.1875,1.0,2.625,0.3125,4.3125,0.0625,2,0,98.0
265,0.5625,0.6875,0.625,6.25,0.0,0.5625,0.0,0.5,3.0625,0.0,0.0,0.125,0.5625,0.0,0.6875,56.1875,2.5,0.0,71.5625,13.375,8.0625,33.0,4.625,6.0,0.25,4,0,93.2
266,2.375,0.75,0.75,1.375,0.0,1.375,0.125,0.8125,2.625,0.0,0.0,0.25,1.0625,0.0,1.5625,54.0,0.625,0.0,130.1875,17.6875,2.0625,27.8125,6.5625,6.4375,0.0625,4,0,72.35
267,0.5625,0.0,0.75,0.5625,0.0,0.0625,0.0,0.1875,1.1875,0.0,0.0,0.375,0.5625,0.0,0.375,17.0,0.3125,0.0,31.9375,0.75,3.375,44.3125,0.875,4.5625,0.0625,4,0,80.66
268,0.3125,0.1875,0.75,1.0625,0.0,0.25,0.0,0.375,0.4375,0.0,0.0,0.5,0.6875,0.0,0.3125,17.8125,0.4375,0.0,42.9375,11.625,2.3125,25.8125,0.1875,4.25,0.0,4,0,102.67
269,0.875,0.3125,0.875,2.75,0.0,0.25,0.0,0.5,1.3125,0.0,0.0,0.5,0.5,0.0,1.0625,26.6875,0.25,0.0,43.1875,14.1875,2.75,29.875,0.625,4.5625,0.0,4,0,92.68
270,0.8125,0.625,0.875,2.375,0.0,0.0625,0.0,0.5625,2.4375,0.0,0.0,0.375,0.3125,0.0,0.4375,56.75,0.9375,0.0,157.625,14.8125,6.875,26.5,6.0625,5.8125,0.0625,4,0,68.97
271,0.5,0.125,0.25,2.5,0.0,0.1875,0.0,0.375,1.125,0.0,0.0,0.0,0.75,0.0,0.375,32.25,1.375,0.0,33.4375,18.875,3.6875,31.0,1.5625,2.25,0.0625,4,0,99.27
272,0.8125,0.5,1.375,1.625,0.0,0.8125,0.0,0.625,1.75,0.0,0.0,0.875,0.6875,0.0,0.375,36.75,1.625,0.0,84.375,15.25,5.0,31.375,0.5625,6.1875,0.0,4,0,97.08
273,0.1875,0.3125,0.5,6.875,0.0,0.3125,0.0,0.4375,0.625,0.0,0.0,0.25,0.625,0.0,0.375,27.0,1.1875,0.0,58.0625,14.75,4.5,28.4375,0.1875,3.375,0.0625,4,0,91.19
274,0.6875,0.375,0.75,4.1875,0.0,0.125,0.0,0.25,0.9375,0.0,0.0,0.5,0.375,0.0,0.75,30.4375,0.5,0.0,42.6875,19.9375,2.3125,26.125,6.875,4.875,0.625,4,0,95.73
275,0.3125,0.1875,0.625,0.0,0.0,0.0625,0.0,0.5,0.5,0.0,0.0,0.375,0.375,0.0,0.625,18.625,0.125,0.0,22.8125,10.375,1.25,14.875,2.5625,3.6875,0.0,4,0,96.87
276,1.125,0.25,0.625,5.1875,0.0,0.0,0.0,0.375,2.1875,0.0,0.0,0.125,0.75,0.0,0.875,37.6875,0.9375,0.0,63.125,12.125,7.625,30.5625,1.5625,5.0625,0.0625,4,0,93.99
277,0.625,0.4375,0.625,2.125,0.0,0.3125,0.0,0.375,3.0,0.0,0.0,0.0,0.75,0.0,0.5,36.6875,1.5625,0.0,98.9375,15.6875,5.1875,13.8125,1.625,4.125,0.1875,4,0,85.89
278,0.125,0.0625,0.75,0.3125,0.0,0.0625,0.0,0.4375,1.0625,0.0,0.0,0.375,0.6875,0.0,0.3125,16.625,0.5,0.0,38.4375,12.5625,4.125,20.125,0.1875,3.6875,0.0,4,0,103.3
279,0.5,0.0625,0.25,2.1875,0.0,0.1875,0.0,0.375,1.25,0.0,0.0,0.0,0.75,0.0,0.375,33.8125,0.875,0.0,52.75,16.1875,1.4375,29.0625,1.6875,1.875,0.0,4,0,104.9
280,0.1875,0.125,0.75,0.625,0.0,0.1875,0.0,0.5,0.9375,0.0,0.0,0.5,0.75,0.0,0.4375,18.875,0.4375,0.0,31.0,22.6875,3.1875,16.8125,0.125,5.3125,0.0,4,0,92.32
281,0.0,0.125,0.125,0.0,0.0,0.1875,0.0,0.3125,0.625,0.0,0.0,0.0,0.1875,0.0,0.0,6.875,0.1875,0.0,20.625,2.25,1.25,5.5,0.0625,0.875,0.0,4,0,23.98
282,0.75,0.6875,0.625,7.9375,0.0,2.0625,0.0,0.9375,5.4375,0.0,0.0,0.0,1.125,0.0,0.375,45.9375,1.25,0.0,110.75,17.625,10.6875,25.5625,3.375,4.625,0.1875,3,0,52.13
283,0.8125,0.4375,0.625,15.0,0.0,0.25,0.0,0.4375,1.8125,0.0,0.0,0.375,0.8125,0.0,0.4375,61.875,0.5,0.0,56.6875,28.4375,6.8125,16.5,10.25,5.4375,0.0,3,0,101.25
284,0.4375,0.5,0.625,0.4375,0.0,0.1875,0.0,0.4375,1.1875,0.0,0.0,0.375,0.6875,0.0,0.3125,45.8125,1.5625,0.0,51.6875,24.0625,3.9375,24.4375,1.75,7.0,0.125,3,0,68.94
285,0.375,0.625,0.5,2.1875,0.0,0.25,0.0,0.75,1.8125,0.0,0.0,0.25,0.875,0.0,0.5,35.4375,1.3125,0.0,56.9375,24.0,3.1875,31.5625,3.125,4.1875,0.6875,3,0,72.02
286,1.1875,0.6875,0.25,6.375,0.0,0.6875,0.0,0.4375,1.5,0.0,0.0,0.0,0.75,0.0,0.5,31.625,0.4375,0.0,47.875,12.9375,6.75,11.3125,4.25,3.25,0.5625,3,0,65.18
287,0.5625,0.5,0.875,2.375,0.0,0.125,0.0625,0.375,1.4375,0.0,0.0,0.625,0.6875,0.0,0.4375,32.375,0.4375,0.0,46.9375,18.625,2.5625,31.0,0.0,9.0625,0.0,3,0,100.2
288,0.875,0.1875,0.5,1.25,0.0,0.375,0.0,0.4375,0.8125,0.0,0.0,0.25,0.75,0.0,0.5625,24.5,0.6875,0.0,39.125,18.9375,3.0,19.6875,0.0,3.8125,0.0,3,0,102.98
289,0.5625,0.5625,0.75,1.1875,0.0,0.0625,0.0,0.5,0.9375,0.0,0.0,0.5,0.5625,0.0,0.375,21.25,0.625,0.0,63.625,27.625,3.625,21.1875,1.0,4.3125,0.0,3,0,97.6
290,1.1875,0.125,0.625,10.875,0.0,0.0625,0.0,0.0,1.75,0.0,0.0,0.375,0.8125,0.0,0.4375,17.9375,0.25,0.0,22.5,7.4375,5.625,7.3125,0.5,2.5,0.0625,3,0,72.98
291,0.5,0.1875,0.375,1.6875,0.0,0.125,0.0,0.5,0.9375,0.0,0.0,0.125,0.75,0.0,0.25,14.625,0.625,0.0,31.6875,12.3125,3.25,22.5625,0.0625,2.25,0.0,3,0,92.77
292,0.375,0.5,0.625,10.0625,0.0,0.875,0.0,0.5,1.8125,0.0,0.0,0.375,0.5625,0.0,0.875,40.4375,0.6875,0.0,88.5,45.8125,4.5625,30.5,0.125,4.875,0.0,3,0,73.46
293,0.3125,0.25,0.25,0.25,0.0,0.125,0.0,0.1875,1.1875,0.0,0.0,0.0,0.6875,0.0,0.25,17.375,0.6875,0.0,25.5625,8.6875,4.6875,12.25,0.25,1.25,0.0,3,0,84.83
294,0.875,0.0625,0.25,0.5625,0.0,0.0,0.0,0.375,0.1875,0.0,0.0,0.0,0.75,0.0,0.3125,16.5,0.1875,0.0,32.9375,8.875,4.6875,9.5625,0.4375,1.25,0.0,3,0,93.51
295,0.0,0.0,0.125,1.875,0.0,0.0625,0.0,0.1875,0.5,0.0,0.0,0.0,0.375,0.0,0.0,17.875,0.1875,0.0,36.375,6.875,2.3125,20.1875,0.5625,1.1875,0.0,3,0,26.84
296,0.3125,0.0,0.625,0.25,0.0,0.3125,0.0,0.375,0.875,0.0,0.0,0.375,0.25,0.0,0.5,16.8125,0.5,0.0,20.5,0.6875,3.3125,14.9375,1.125,3.6875,0.0,2,0,78.26
297,0.625,0.6875,1.125,0.0625,0.0,0.1875,0.0,0.6875,1.0625,0.0,0.0,0.5,0.8125,0.0,0.3125,11.625,0.0,0.0,27.0625,2.0625,3.8125,6.625,0.1875,5.625,0.0,2,0,69.64
298,0.75,0.8125,1.0,2.3125,0.0,0.8125,0.0625,0.375,1.9375,0.0,0.0,0.75,0.6875,0.0,0.3125,16.1875,0.5,0.0,19.75,2.625,2.1875,16.0625,0.3125,8.9375,0.0625,2,0,90.11
299,0.625,0.5625,0.75,0.1875,0.0,0.875,0.0,0.625,1.125,0.0,0.0,0.25,0.8125,0.0,0.4375,25.25,0.125,0.0,45.0625,1.875,5.1875,15.125,3.0625,5.0625,0.625,2,0,65.26
300,1.625,0.5,0.875,5.0625,0.0,0.1875,0.0,0.6875,1.0,0.0,0.0,0.5,0.75,0.0,0.5625,25.75,0.625,0.0,61.6875,2.9375,6.3125,31.0625,0.6875,5.375,0.125,2,0,92.96
301,0.875,0.875,0.625,0.125,0.0,0.8125,0.0,0.5,1.75,0.0,0.0,0.125,0.8125,0.0,0.3125,47.4375,0.625,0.0,54.375,2.4375,9.1875,26.9375,0.0,4.1875,0.0,2,0,96.8
302,1.0625,0.4375,0.75,0.0,0.0,0.0625,0.0,0.375,0.4375,0.0,0.0,0.5,0.5,0.0,0.3125,12.5,0.3125,0.0,35.9375,3.0625,0.25,24.5625,0.6875,4.75,0.0,2,0,98.0
303,0.75,0.1875,0.625,0.75,0.0,0.6875,0.0,0.4375,1.625,0.0,0.0,0.125,0.75,0.0,0.4375,22.1875,1.3125,0.0,37.875,2.5,4.75,21.75,0.0625,4.6875,0.0,2,0,96.47
304,0.6875,0.5625,0.5,0.8125,0.0,0.8125,0.0,0.625,1.375,0.0,0.0,0.375,0.75,0.0,0.4375,31.1875,0.6875,0.0,69.0625,1.125,8.375,11.875,0.0,3.4375,0.0,2,0,70.69
305,1.8125,0.625,0.875,5.875,0.0,0.5,0.0,0.875,2.0625,0.0,0.0,0.0,0.875,0.0,1.0625,40.8125,0.625,0.0,84.5,3.8125,6.25,27.5625,0.6875,9.1875,0.0,2,0,62.38
306,0.9375,0.3125,0.875,6.5625,0.0,0.25,0.0,0.625,1.875,0.0,0.0,0.125,0.1875,0.0,0.625,36.0,0.5625,0.0,87.1875,0.3125,8.1875,11.5625,2.3125,7.125,0.0625,2,0,89.5
307,0.8125,0.4375,0.625,1.0625,0.0,0.75,0.0,0.375,2.5625,0.0,0.0,0.25,0.75,0.0,0.375,45.0625,0.875,0.0,49.8125,9.25,9.6875,38.0,0.4375,3.75,0.0625,2,0,102.7
308,0.3125,0.0,0.5,0.0625,0.0,0.0625,0.0,0.5625,0.3125,0.0,0.0,0.125,0.625,0.0,0.375,8.4375,0.125,0.0,7.5625,0.0,4.1875,5.3125,0.125,2.625,0.0,2,0,81.07
309,0.0,0.3125,0.125,4.375,0.0,0.875,0.0,0.375,1.75,0.0,0.0,0.0,0.1875,0.0,0.3125,24.25,0.8125,0.0,54.1875,5.625,6.1875,10.8125,1.4375,1.6875,0.5,2,0,16.49
310,0.0,0.125,0.0,1.3125,0.0,0.0625,0.0,0.0,0.4375,0.0,0.0,0.0,0.125,0.0,0.0,6.8125,0.5,0.0,21.4375,0.4375,2.5,4.3125,0.0625,0.125,0.0,2,0,3.95
311,0.0625,0.4375,0.625,0.5625,0.0,0.625,0.0,0.4375,1.375,0.0,0.0,0.375,0.6875,0.0,0.3125,42.125,1.25,0.0,69.8125,22.875,3.125,52.4375,0.125,5.5625,0.0625,3,0,89.73
312,0.0,0.3125,0.375,0.0625,0.0,0.625,0.0,0.5625,2.1875,0.0,0.0,0.125,0.125,0.0,0.5,61.8125,0.25,0.0,56.375,1.875,1.75,109.5,58.75,9.3125,0.375,3,0,93.16
313,0.0,0.0,0.25,3.875,0.0,0.125,0.0625,0.0,0.375,0.0,0.0,0.25,0.1875,0.0,0.0,9.625,0.375,0.0,15.875,3.125,0.8125,3.1875,0.5625,5.6875,0.1875,3,0,91.0
314,0.0,0.25,0.375,0.875,0.0,0.125,0.0,0.4375,0.8125,0.0,0.0,0.125,0.75,0.0,0.4375,24.6875,0.875,0.0,83.1875,16.3125,3.8125,19.5625,0.8125,2.6875,0.0625,3,0,84.7
315,0.0625,0.5,0.625,1.25,0.0,0.375,0.0625,0.375,1.4375,0.0,0.0,0.375,0.75,0.0,0.4375,32.25,1.25,0.0,52.6875,20.875,4.9375,20.1875,0.5,4.75,0.0,3,0,92.38
316,0.0625,0.125,0.625,0.9375,0.0,0.25,0.0,0.4375,0.875,0.0,0.0,0.375,0.75,0.0,0.5,26.0,0.25,0.0,36.5,22.0625,3.9375,12.1875,0.6875,6.0,0.0,3,0,92.46
317,0.0,1.0,0.625,4.5,0.0,0.3125,0.0,0.5,1.625,0.0,0.0,0.375,0.8125,0.0,0.3125,28.875,0.25,0.0,45.0,15.625,5.375,14.3125,1.6875,5.4375,0.4375,3,0,89.37
318,0.125,0.625,0.375,1.1875,0.0,0.0625,0.0,0.625,1.625,0.0,0.0,0.125,0.9375,0.0,0.5625,37.8125,1.375,0.0,47.9375,22.625,7.6875,22.0,1.125,3.4375,0.0,3,0,93.33
319,0.0,0.5,0.375,2.4375,0.0,0.25,0.0,0.1875,0.75,0.0,0.0,0.125,0.1875,0.0,0.375,30.625,1.25,0.0,84.5625,17.5625,3.1875,20.0625,1.6875,3.1875,0.0,3,0,86.9
320,0.0625,0.3125,0.5,0.3125,0.0,0.0625,0.0,0.75,0.625,0.0,0.0,0.25,0.9375,0.0,0.4375,31.6875,1.0,0.0,80.875,14.3125,4.25,22.9375,0.8125,4.25,0.0625,3,0,79.2
321,0.0,0.75,0.5,0.8125,0.0,0.0625,0.0,0.75,1.1875,0.0,0.0,0.125,0.75,0.0,0.25,27.6875,0.375,0.0,25.75,18.0,7.0,20.6875,0.625,4.25,0.0,3,0,55.61
322,0.0,0.125,0.625,0.3125,0.0,0.1875,0.0,0.375,0.8125,0.0,0.0,0.25,0.875,0.0,0.4375,20.5,1.4375,0.0,38.1875,13.625,2.75,21.0625,0.75,3.3125,0.0,3,0,91.53
323,0.0,0.3125,0.75,0.5,0.0,0.125,0.0,0.625,0.8125,0.0,0.0,0.5,0.75,0.0,0.4375,15.375,0.4375,0.0,23.9375,22.0,1.625,34.125,1.0625,6.375,0.125,3,0,90.6
324,0.0,0.25,0.25,1.0625,0.0,0.0,0.0,0.0,0.1875,0.0,0.0,0.25,0.125,0.0,0.0,4.4375,0.125,0.0,1.6875,0.0,0.1875,2.0,0.0625,2.9375,0.0,3,0,100.0
325,0.0,0.125,0.25,0.8125,0.0,0.0,0.0,0.0,0.25,0.0,0.0,0.25,0.0625,0.0,0.0,5.8125,0.25,0.0,7.125,0.0,0.6875,1.4375,0.25,3.5,0.0,3,0,100.0
326,0.0,1.0625,0.75,4.0625,0.0,0.8125,0.0,0.875,3.8125,0.0,0.0,0.125,0.125,0.0,0.5,36.9375,0.4375,0.0,76.125,0.6875,9.3125,32.3125,3.75,3.875,0.0625,2,1,93.8
327,0.0,0.375,0.625,0.125,0.0,0.375,0.0,0.4375,1.875,0.0,0.0,0.375,0.0,0.0,0.625,24.6875,0.6875,0.0,31.1875,2.125,1.25,18.25,2.1875,4.75,0.1875,2,1,96.99
328,0.0,0.5,0.25,8.625,0.0,1.1875,0.0,0.4375,9.0,0.0,0.0,0.0,0.125,0.0,0.5,58.1875,0.625,0.0,85.375,0.9375,3.0625,43.0625,13.875,5.875,0.125,2,1,62.2
329,0.0,0.3125,0.75,0.25,0.0,0.3125,0.0,0.6875,0.75,0.0,0.0,0.375,0.125,0.0,0.3125,17.9375,0.3125,0.0,29.0,1.3125,1.75,6.375,3.3125,3.125,0.125,2,1,63.21
330,0.0,0.25,0.5,0.8125,0.0,0.1875,0.0,0.6875,2.3125,0.0,0.0,0.125,0.0625,0.0,0.4375,27.6875,0.9375,0.0,36.875,0.5625,4.9375,31.5625,1.75,4.25,0.0,2,1,103.2
331,0.0,0.5625,0.5,0.0,0.0,1.4375,0.0,0.6875,0.8125,0.0,0.0,0.0,0.0,0.0,0.5625,15.5625,0.9375,0.0,56.625,0.125,5.1875,4.9375,1.9375,3.625,0.1875,2,1,37.36
332,0.25,0.4375,0.5,1.9375,0.0,0.5,0.0,0.4375,2.125,0.0,0.0,0.25,0.75,0.0,0.625,37.6875,1.0,0.0,54.8125,22.5,4.0,26.5,2.375,4.0625,0.0625,2,1,93.41
333,0.0,0.5,0.875,3.0,0.0,0.0625,0.0,0.375,1.9375,0.0,0.0,0.625,0.0,0.0,1.0,93.125,0.3125,0.0,28.0,0.0,2.4375,13.5625,0.8125,7.1875,0.0,2,1,73.74
334,0.0,0.0,0.625,2.125,0.0,0.0625,0.0,0.5,1.75,0.0,0.0,0.25,0.0625,0.0,0.8125,28.125,0.625,0.0,34.875,0.4375,5.125,16.3125,0.125,4.4375,0.0,2,1,98.81
335,0.0,0.1875,0.625,0.3125,0.0,0.25,0.0,0.4375,1.125,0.0,0.0,0.375,0.125,0.0,0.5,13.0625,0.125,0.0,18.25,0.5625,1.4375,13.1875,0.875,4.9375,0.0,2,1,90.99
336,0.0,0.3125,0.625,4.3125,0.0,0.25,0.0,0.9375,1.625,0.0,0.0,0.125,0.125,0.0,0.375,29.9375,1.0,0.0,47.5625,0.1875,4.0625,11.5,0.625,4.8125,0.0,2,1,97.66
337,0.0,0.375,0.875,3.75,0.0,0.125,0.0,0.625,3.625,0.0,0.0,0.375,0.0625,0.0,0.5,28.5,0.625,0.0,62.9375,0.5625,6.0,8.4375,2.25,5.5625,0.0625,2,1,72.2
338,0.0,0.5,0.25,3.25,0.0,0.125,0.0,0.6875,2.5,0.0,0.0,0.0,0.125,0.0,0.5625,22.5625,0.375,0.0,52.1875,0.1875,3.9375,8.0,1.0,3.0,0.0,2,1,66.41
339,0.0,1.125,0.875,4.4375,0.0,0.8125,0.0,0.75,3.1875,0.0,0.0,0.375,0.125,0.0,0.625,36.25,1.75,0.0,65.4375,0.0,5.9375,18.8125,2.4375,4.5,0.0,2,1,89.17
340,0.0,0.5625,0.625,3.6875,0.0,0.0,0.0,1.0625,2.0625,0.0,0.0,0.25,0.0625,0.0,0.3125,26.25,0.5,0.0,45.375,0.375,4.5625,14.4375,2.6875,5.6875,0.125,2,1,96.2
341,0.0,0.375,0.75,0.625,0.0,0.0,0.0,0.5,2.125,0.0,0.0,0.375,0.0625,0.0,0.3125,27.25,1.3125,0.0,52.375,1.0,3.5,11.875,0.8125,5.8125,0.0625,2,1,94.9
