BigBlueButtonBN,Fail,Faili esitamine,Foorum,Hindajaraport,Kaust,Kommentaarid tööle,Küsitlus,Leht,Logid,Minu hinderaport,Onlain teksti esitamine,Osalemine,Prügikast,Rühma valimine,Süsteem,Tagasiside,Tegevuste aruanne,Test,Tund,URL,Virtual programming lab,Õppijaraport,Ülesanne,Ülevaate aruanne,label,y
0.0,1.588235294117647,0.7058823529411765,1.3529411764705883,0.0,1.2941176470588236,0.0,0.5294117647058824,6.294117647058823,0.0,0.0,0.35294117647058826,0.8235294117647058,0.0,0.5882352941176471,82.47058823529412,2.2941176470588234,0.0,204.35294117647058,9.470588235294118,11.352941176470589,58.05882352941177,8.176470588235293,6.647058823529412,0.0,5,98.4
0.0,1.1764705882352942,0.47058823529411764,4.705882352941177,0.0,0.8235294117647058,0.0,0.6470588235294118,4.705882352941177,0.0,0.0,0.0,0.23529411764705882,0.0,1.1764705882352942,71.23529411764706,1.9411764705882353,0.0,176.8235294117647,3.764705882352941,8.647058823529411,23.529411764705884,11.529411764705882,5.0,0.4117647058823529,5,84.6
0.0,0.4117647058823529,1.1764705882352942,2.235294117647059,0.0,0.11764705882352941,0.0,0.7647058823529411,1.6470588235294117,0.0,0.0,0.8235294117647058,0.6470588235294118,0.0,0.35294117647058826,36.05882352941177,0.47058823529411764,0.0,90.6470588235294,5.470588235294118,6.411764705882353,41.94117647058823,2.0,5.470588235294118,0.0,5,98.7
0.0,0.35294117647058826,0.5882352941176471,8.117647058823529,0.0,0.8823529411764706,0.0,0.7647058823529411,1.411764705882353,0.0,0.0,0.35294117647058826,0.6470588235294118,0.0,0.7647058823529411,49.64705882352941,0.7647058823529411,0.0,114.05882352941177,2.7058823529411766,3.4705882352941178,26.941176470588236,17.88235294117647,10.058823529411764,0.0,5,42.23
0.0,0.7647058823529411,0.5882352941176471,4.411764705882353,0.0,0.29411764705882354,0.0,0.35294117647058826,1.1764705882352942,0.0,0.0,0.23529411764705882,0.7058823529411765,0.0,0.47058823529411764,38.05882352941177,1.7647058823529411,0.0,86.05882352941177,12.705882352941176,6.882352941176471,26.0,0.0,4.117647058823529,0.0,5,101.7
0.0,0.058823529411764705,0.7058823529411765,3.0588235294117645,0.0,0.4117647058823529,0.0,0.9411764705882353,3.0,0.0,0.0,0.11764705882352941,0.17647058823529413,0.0,0.35294117647058826,35.94117647058823,1.3529411764705883,0.0,109.82352941176471,3.235294117647059,2.0,16.705882352941178,1.3529411764705883,4.9411764705882355,0.0,5,89.4
0.0,0.29411764705882354,0.7058823529411765,2.5294117647058822,0.0,0.29411764705882354,0.0,0.47058823529411764,1.6470588235294117,0.0,0.0,0.47058823529411764,0.4117647058823529,0.0,0.5294117647058824,24.0,0.23529411764705882,0.0,67.29411764705883,8.117647058823529,1.7647058823529411,11.882352941176471,3.235294117647059,7.294117647058823,0.0,5,93.29
0.0,0.29411764705882354,0.35294117647058826,3.764705882352941,0.0,0.17647058823529413,0.0,0.5882352941176471,1.4705882352941178,0.0,0.0,0.0,0.23529411764705882,0.0,0.29411764705882354,24.294117647058822,0.5882352941176471,0.0,48.76470588235294,0.17647058823529413,3.1176470588235294,25.529411764705884,0.0,2.4705882352941178,0.0,5,78.21
0.0,0.35294117647058826,0.35294117647058826,1.3529411764705883,0.0,0.23529411764705882,0.0,0.47058823529411764,1.0588235294117647,0.0,0.0,0.11764705882352941,0.7058823529411765,0.0,0.29411764705882354,27.88235294117647,0.4117647058823529,0.0,101.94117647058823,14.823529411764707,6.0588235294117645,16.647058823529413,0.8823529411764706,3.0588235294117645,0.0,5,88.5
0.0,0.8235294117647058,0.5882352941176471,0.6470588235294118,0.0,0.11764705882352941,0.0,0.7058823529411765,1.9411764705882353,0.0,0.0,0.35294117647058826,0.17647058823529413,0.0,0.5294117647058824,23.941176470588236,0.47058823529411764,0.0,57.705882352941174,0.7058823529411765,3.9411764705882355,6.117647058823529,1.4705882352941178,3.4705882352941178,0.058823529411764705,5,57.94
0.0,0.23529411764705882,0.35294117647058826,4.352941176470588,0.0,0.35294117647058826,0.0,0.47058823529411764,0.9411764705882353,0.0,0.0,0.0,0.7058823529411765,0.0,0.35294117647058826,32.529411764705884,0.8823529411764706,0.0,93.6470588235294,6.117647058823529,2.411764705882353,23.941176470588236,0.0,3.823529411764706,0.0,5,83.64
0.0,0.23529411764705882,0.47058823529411764,3.823529411764706,0.0,0.058823529411764705,0.0,0.7058823529411765,1.3529411764705883,0.0,0.0,0.0,0.7058823529411765,0.0,0.5294117647058824,45.1764705882353,0.5882352941176471,0.0,103.3529411764706,16.647058823529413,7.705882352941177,34.64705882352941,0.7647058823529411,7.411764705882353,0.0,5,100.4
0.0,0.058823529411764705,0.5882352941176471,0.0,0.0,0.058823529411764705,0.0,0.35294117647058826,1.0588235294117647,0.0,0.0,0.35294117647058826,0.5882352941176471,0.0,1.0,18.235294117647058,0.23529411764705882,0.0,59.76470588235294,7.117647058823529,2.7058823529411766,32.1764705882353,1.8235294117647058,3.0,0.0,5,87.7
0.0,0.29411764705882354,0.8235294117647058,8.352941176470589,0.0,0.17647058823529413,0.0,0.17647058823529413,1.8235294117647058,0.0,0.0,0.7058823529411765,0.11764705882352941,0.0,0.5882352941176471,37.588235294117645,1.9411764705882353,0.0,66.23529411764706,7.117647058823529,7.823529411764706,33.35294117647059,0.11764705882352941,5.882352941176471,0.058823529411764705,5,92.69
0.0,0.8235294117647058,0.35294117647058826,5.705882352941177,0.0,0.5294117647058824,0.0,0.7058823529411765,3.3529411764705883,0.0,0.0,0.11764705882352941,0.17647058823529413,0.0,0.8823529411764706,23.88235294117647,0.35294117647058826,0.0,74.82352941176471,0.35294117647058826,4.411764705882353,21.58823529411765,0.0,3.176470588235294,0.0,5,68.46
0.0,0.29411764705882354,0.35294117647058826,0.0,0.0,0.11764705882352941,0.0,0.35294117647058826,0.47058823529411764,0.0,0.0,0.11764705882352941,0.4117647058823529,0.0,0.23529411764705882,8.823529411764707,0.11764705882352941,0.0,13.941176470588236,3.8823529411764706,1.2941176470588236,12.411764705882353,0.0,2.235294117647059,0.0,5,80.75
0.7058823529411765,0.29411764705882354,0.47058823529411764,1.7058823529411764,0.0,0.11764705882352941,0.0,0.5294117647058824,0.8235294117647058,0.0,0.0,0.11764705882352941,0.5882352941176471,0.0,0.23529411764705882,17.235294117647058,0.5294117647058824,0.0,44.76470588235294,0.0,2.4705882352941178,14.117647058823529,0.29411764705882354,2.5294117647058822,0.0,1,90.67
0.5294117647058824,0.17647058823529413,0.47058823529411764,0.7058823529411765,0.0,0.058823529411764705,0.0,0.35294117647058826,1.0,0.0,0.0,0.23529411764705882,0.7058823529411765,0.0,0.4117647058823529,29.941176470588236,0.17647058823529413,0.0,70.6470588235294,0.47058823529411764,7.352941176470588,23.764705882352942,1.6470588235294117,3.3529411764705883,0.0,1,101.3
1.0588235294117647,0.11764705882352941,0.5882352941176471,3.2941176470588234,0.0,0.23529411764705882,0.0,0.5294117647058824,1.0,0.0,0.0,0.35294117647058826,0.7647058823529411,0.0,0.7647058823529411,41.76470588235294,0.9411764705882353,0.0,92.82352941176471,1.1764705882352942,4.647058823529412,37.64705882352941,3.0,4.529411764705882,0.0,1,95.8
0.7058823529411765,0.17647058823529413,0.5882352941176471,2.3529411764705883,0.0,0.35294117647058826,0.0,0.5294117647058824,0.7058823529411765,0.0,0.0,0.23529411764705882,1.0588235294117647,0.0,1.0,22.529411764705884,0.35294117647058826,0.0,64.82352941176471,0.17647058823529413,3.0588235294117645,19.176470588235293,0.7647058823529411,3.4705882352941178,0.058823529411764705,1,101.2
0.29411764705882354,0.23529411764705882,0.7058823529411765,2.0,0.0,0.11764705882352941,0.0,0.35294117647058826,0.8235294117647058,0.0,0.0,0.47058823529411764,0.5882352941176471,0.0,0.35294117647058826,21.647058823529413,0.6470588235294118,0.0,43.294117647058826,0.9411764705882353,4.411764705882353,18.647058823529413,1.0588235294117647,4.294117647058823,0.0,1,80.38
1.6470588235294117,0.5882352941176471,0.7058823529411765,2.4705882352941178,0.0,0.29411764705882354,0.0,0.35294117647058826,1.3529411764705883,0.0,0.0,0.47058823529411764,0.47058823529411764,0.0,0.29411764705882354,43.294117647058826,0.35294117647058826,0.0,68.29411764705883,1.1176470588235294,5.117647058823529,27.529411764705884,0.0,4.411764705882353,0.0,1,90.35
0.7647058823529411,0.35294117647058826,0.5882352941176471,1.7058823529411764,0.0,0.0,0.0,0.4117647058823529,0.7058823529411765,0.0,0.0,0.35294117647058826,0.29411764705882354,0.0,0.35294117647058826,29.88235294117647,0.29411764705882354,0.0,39.23529411764706,0.5294117647058824,4.411764705882353,20.764705882352942,5.0,5.235294117647059,0.0,1,98.57
0.47058823529411764,0.17647058823529413,0.23529411764705882,0.17647058823529413,0.0,0.17647058823529413,0.0,0.47058823529411764,2.235294117647059,0.0,0.0,0.0,0.11764705882352941,0.0,0.47058823529411764,21.823529411764707,0.0,0.0,51.35294117647059,0.5882352941176471,3.235294117647059,39.35294117647059,0.23529411764705882,3.8823529411764706,0.058823529411764705,1,81.42
0.0,0.29411764705882354,0.47058823529411764,13.058823529411764,0.0,1.1176470588235294,0.0,0.23529411764705882,2.6470588235294117,0.0,0.0,0.35294117647058826,0.11764705882352941,0.0,1.6470588235294117,34.411764705882355,0.8823529411764706,0.0,54.94117647058823,1.1176470588235294,7.823529411764706,39.470588235294116,5.764705882352941,5.705882352941177,0.0,1,83.6
0.8823529411764706,0.4117647058823529,0.47058823529411764,0.17647058823529413,0.0,0.17647058823529413,0.0,1.0,0.5294117647058824,0.0,0.0,0.0,0.7058823529411765,0.0,0.29411764705882354,24.88235294117647,0.058823529411764705,0.0,58.11764705882353,0.35294117647058826,2.823529411764706,22.294117647058822,0.058823529411764705,3.0588235294117645,0.0,1,70.12
1.1764705882352942,0.058823529411764705,0.47058823529411764,0.4117647058823529,0.0,0.17647058823529413,0.0,0.47058823529411764,1.0588235294117647,0.0,0.0,0.11764705882352941,0.7647058823529411,0.0,0.4117647058823529,32.8235294117647,1.0,0.0,69.76470588235294,0.8235294117647058,7.0,27.470588235294116,0.47058823529411764,3.588235294117647,0.0,1,93.87
1.0588235294117647,0.29411764705882354,0.5882352941176471,0.7647058823529411,0.0,0.35294117647058826,0.0,0.47058823529411764,0.5294117647058824,0.0,0.0,0.35294117647058826,0.6470588235294118,0.0,0.29411764705882354,24.823529411764707,0.47058823529411764,0.0,54.1764705882353,0.17647058823529413,1.7647058823529411,15.941176470588236,0.5294117647058824,4.294117647058823,0.0,1,71.35
0.7647058823529411,0.5294117647058824,0.35294117647058826,1.8235294117647058,0.0,0.29411764705882354,0.0,0.35294117647058826,2.1176470588235294,0.0,0.0,0.11764705882352941,0.4117647058823529,0.0,0.5882352941176471,33.35294117647059,0.23529411764705882,0.0,33.94117647058823,3.411764705882353,5.117647058823529,28.764705882352942,1.0588235294117647,4.705882352941177,0.058823529411764705,1,107.8
0.5294117647058824,0.058823529411764705,0.5882352941176471,0.23529411764705882,0.0,0.17647058823529413,0.0,0.35294117647058826,0.8235294117647058,0.0,0.0,0.35294117647058826,0.23529411764705882,0.0,0.5294117647058824,13.470588235294118,0.4117647058823529,0.0,24.529411764705884,0.0,2.0588235294117645,11.882352941176471,0.7647058823529411,4.823529411764706,0.0,1,87.39
1.1764705882352942,0.23529411764705882,0.7058823529411765,1.0588235294117647,0.0,0.11764705882352941,0.0,0.35294117647058826,2.588235294117647,0.0,0.0,0.35294117647058826,0.7058823529411765,0.0,0.4117647058823529,26.764705882352942,0.7647058823529411,0.0,64.82352941176471,0.4117647058823529,3.823529411764706,18.0,1.3529411764705883,5.117647058823529,0.0,1,97.71
0.5294117647058824,0.47058823529411764,0.47058823529411764,1.1764705882352942,0.0,0.058823529411764705,0.0,0.35294117647058826,0.8235294117647058,0.0,0.0,0.23529411764705882,0.7647058823529411,0.0,0.29411764705882354,25.176470588235293,0.23529411764705882,0.0,101.41176470588235,0.35294117647058826,3.8823529411764706,20.470588235294116,0.6470588235294118,3.823529411764706,0.0,1,89.0
0.7647058823529411,0.47058823529411764,0.5882352941176471,3.764705882352941,0.0,0.35294117647058826,0.0,0.5294117647058824,0.7647058823529411,0.0,0.0,0.23529411764705882,0.23529411764705882,0.0,0.4117647058823529,31.11764705882353,0.4117647058823529,0.0,48.411764705882355,0.6470588235294118,5.647058823529412,36.0,1.411764705882353,4.470588235294118,0.0,1,83.5
0.23529411764705882,0.4117647058823529,0.8235294117647058,0.29411764705882354,0.0,0.17647058823529413,0.0,0.6470588235294118,1.0,0.0,0.0,0.35294117647058826,0.5882352941176471,0.0,0.47058823529411764,23.0,0.23529411764705882,0.0,54.705882352941174,0.0,2.8823529411764706,22.823529411764707,0.47058823529411764,5.176470588235294,0.0,1,83.01
0.7058823529411765,0.23529411764705882,0.7058823529411765,0.7058823529411765,0.0,0.11764705882352941,0.0,0.5294117647058824,0.4117647058823529,0.0,0.0,0.35294117647058826,0.9411764705882353,0.0,0.4117647058823529,23.529411764705884,0.35294117647058826,0.0,67.23529411764706,0.47058823529411764,5.294117647058823,17.58823529411765,1.5294117647058822,4.0588235294117645,0.0,1,62.15
1.1764705882352942,0.35294117647058826,0.47058823529411764,0.29411764705882354,0.0,0.0,0.0,0.5882352941176471,1.0,0.0,0.0,0.11764705882352941,0.7058823529411765,0.0,0.35294117647058826,19.294117647058822,0.11764705882352941,0.0,41.64705882352941,0.35294117647058826,2.8823529411764706,17.176470588235293,0.17647058823529413,3.235294117647059,0.0,1,81.35
0.058823529411764705,0.11764705882352941,0.35294117647058826,1.1764705882352942,0.0,0.0,0.0,0.0,0.4117647058823529,0.0,0.0,0.35294117647058826,0.058823529411764705,0.0,0.0,5.0,0.17647058823529413,0.0,6.294117647058823,0.0,1.1176470588235294,2.3529411764705883,0.0,3.411764705882353,0.0,1,100.0
0.0,0.11764705882352941,0.23529411764705882,1.1176470588235294,0.0,0.0,0.0,0.0,0.47058823529411764,0.0,0.0,0.23529411764705882,0.058823529411764705,0.0,0.0,4.176470588235294,0.11764705882352941,0.0,6.0588235294117645,0.0,0.7647058823529411,1.588235294117647,0.058823529411764705,3.0588235294117645,0.0,1,100.0
0.0,0.17647058823529413,0.35294117647058826,0.47058823529411764,0.0,0.35294117647058826,0.0,0.4117647058823529,0.8235294117647058,0.0,0.0,0.11764705882352941,0.35294117647058826,0.0,0.5882352941176471,15.117647058823529,0.23529411764705882,0.0,22.0,1.411764705882353,3.0,10.941176470588236,0.23529411764705882,3.0588235294117645,0.0,1,23.53
1.1764705882352942,0.4117647058823529,0.35294117647058826,1.7647058823529411,0.0,0.4117647058823529,0.0,0.35294117647058826,1.3529411764705883,0.0,0.0,0.11764705882352941,0.5882352941176471,0.0,0.4117647058823529,20.235294117647058,0.47058823529411764,0.0,38.0,6.529411764705882,4.823529411764706,31.41176470588235,1.0,6.470588235294118,0.0,1,96.33
0.5294117647058824,0.6470588235294118,1.1764705882352942,9.823529411764707,0.0,1.0,0.0,0.7647058823529411,2.764705882352941,0.0,0.0,0.5882352941176471,0.5882352941176471,0.0,0.5882352941176471,63.35294117647059,0.8823529411764706,0.0,79.23529411764706,7.705882352941177,5.294117647058823,58.294117647058826,13.588235294117647,7.882352941176471,0.11764705882352941,1,98.3
1.3529411764705883,0.17647058823529413,0.47058823529411764,1.9411764705882353,0.0,0.35294117647058826,0.0,0.5294117647058824,1.2352941176470589,0.0,0.0,0.11764705882352941,0.7647058823529411,0.0,0.4117647058823529,41.35294117647059,0.6470588235294118,0.0,74.70588235294117,17.294117647058822,4.882352941176471,25.941176470588236,2.5294117647058822,3.9411764705882355,0.8235294117647058,1,96.5
0.4117647058823529,0.17647058823529413,0.5882352941176471,0.17647058823529413,0.0,0.058823529411764705,0.0,0.35294117647058826,1.1764705882352942,0.0,0.0,0.35294117647058826,0.35294117647058826,0.0,0.47058823529411764,18.11764705882353,0.4117647058823529,0.0,36.05882352941177,9.058823529411764,1.8823529411764706,16.352941176470587,0.6470588235294118,3.4705882352941178,0.0,1,90.0
0.17647058823529413,0.23529411764705882,0.23529411764705882,1.8235294117647058,0.0,1.4705882352941178,0.0,0.0,0.6470588235294118,0.0,0.0,0.23529411764705882,0.23529411764705882,0.0,0.058823529411764705,7.176470588235294,0.23529411764705882,0.0,11.764705882352942,0.29411764705882354,1.1764705882352942,2.5294117647058822,0.0,8.176470588235293,0.0,1,100.0
0.5294117647058824,0.23529411764705882,0.23529411764705882,2.3529411764705883,0.0,0.8235294117647058,0.0,0.5294117647058824,0.8235294117647058,0.0,0.0,0.0,0.9411764705882353,0.0,0.4117647058823529,22.764705882352942,0.29411764705882354,0.0,43.05882352941177,13.235294117647058,7.823529411764706,13.235294117647058,1.3529411764705883,2.823529411764706,0.0,1,90.12
1.6470588235294117,0.47058823529411764,0.35294117647058826,11.352941176470589,0.0,0.8235294117647058,0.0,0.6470588235294118,2.2941176470588234,0.0,0.0,0.0,0.8235294117647058,0.0,0.6470588235294118,33.11764705882353,0.47058823529411764,0.0,75.6470588235294,24.529411764705884,2.1176470588235294,21.294117647058822,2.823529411764706,3.2941176470588234,0.0,1,76.45
0.0,0.17647058823529413,0.8235294117647058,0.5882352941176471,0.0,0.29411764705882354,0.0,0.35294117647058826,0.9411764705882353,0.0,0.0,0.35294117647058826,0.47058823529411764,0.0,0.35294117647058826,23.88235294117647,0.35294117647058826,0.0,64.29411764705883,11.117647058823529,2.6470588235294117,25.294117647058822,1.3529411764705883,4.470588235294118,0.0,1,87.92
0.7647058823529411,0.17647058823529413,0.47058823529411764,1.5294117647058822,0.0,0.17647058823529413,0.0,0.35294117647058826,1.2352941176470589,0.0,0.0,0.23529411764705882,0.6470588235294118,0.0,0.4117647058823529,25.0,0.7647058823529411,0.0,43.470588235294116,15.058823529411764,3.235294117647059,28.941176470588236,0.0,3.0588235294117645,0.0,1,102.4
0.5882352941176471,0.29411764705882354,0.5882352941176471,1.7058823529411764,0.0,0.35294117647058826,0.0,0.8823529411764706,0.9411764705882353,0.0,0.0,0.11764705882352941,0.8823529411764706,0.0,0.35294117647058826,28.352941176470587,0.35294117647058826,0.0,62.88235294117647,10.470588235294118,7.470588235294118,10.764705882352942,0.0,4.529411764705882,0.0,1,58.27
1.0588235294117647,0.29411764705882354,0.8235294117647058,9.588235294117647,0.0,1.0588235294117647,0.0,0.47058823529411764,0.8823529411764706,0.0,0.0,0.5882352941176471,0.8235294117647058,0.0,0.6470588235294118,37.76470588235294,1.6470588235294117,0.0,51.88235294117647,14.411764705882353,4.0,22.764705882352942,2.5294117647058822,5.176470588235294,0.0,1,105.4
0.5294117647058824,0.23529411764705882,0.23529411764705882,0.7647058823529411,0.0,0.23529411764705882,0.0,0.5294117647058824,0.9411764705882353,0.0,0.0,0.0,0.7647058823529411,0.0,0.47058823529411764,26.11764705882353,1.0,0.0,68.0,16.294117647058822,6.235294117647059,25.88235294117647,0.0,2.9411764705882355,0.0,1,98.0
0.17647058823529413,0.35294117647058826,0.23529411764705882,1.588235294117647,0.0,0.058823529411764705,0.0,0.35294117647058826,0.35294117647058826,0.0,0.0,0.0,0.5882352941176471,0.0,0.29411764705882354,25.41176470588235,1.0588235294117647,0.0,36.470588235294116,8.294117647058824,3.1176470588235294,20.176470588235293,0.6470588235294118,1.1764705882352942,0.0,1,93.1
0.5294117647058824,0.11764705882352941,0.35294117647058826,0.4117647058823529,0.0,0.058823529411764705,0.0,0.4117647058823529,0.5294117647058824,0.0,0.0,0.0,0.6470588235294118,0.0,0.35294117647058826,27.647058823529413,0.35294117647058826,0.0,39.705882352941174,6.294117647058823,3.1176470588235294,19.58823529411765,2.764705882352941,3.8823529411764706,0.0,1,89.86
0.4117647058823529,0.4117647058823529,0.5882352941176471,0.47058823529411764,0.0,0.17647058823529413,0.0,0.5882352941176471,1.588235294117647,0.0,0.0,0.35294117647058826,0.058823529411764705,0.0,0.35294117647058826,18.764705882352942,0.6470588235294118,0.0,26.0,0.5882352941176471,3.5294117647058822,6.882352941176471,1.9411764705882353,4.9411764705882355,0.0,1,60.62
0.7647058823529411,0.23529411764705882,1.0588235294117647,0.8823529411764706,0.0,0.4117647058823529,0.0,0.4117647058823529,0.8235294117647058,0.0,0.0,0.5882352941176471,0.7058823529411765,0.0,0.4117647058823529,17.176470588235293,0.35294117647058826,0.0,46.588235294117645,14.941176470588236,4.411764705882353,20.705882352941178,0.058823529411764705,4.9411764705882355,0.0,1,96.36
0.8823529411764706,0.0,0.5882352941176471,2.823529411764706,0.0,0.11764705882352941,0.0,0.35294117647058826,0.7647058823529411,0.0,0.0,0.35294117647058826,0.7647058823529411,0.0,0.6470588235294118,19.88235294117647,0.23529411764705882,0.0,27.294117647058822,14.411764705882353,3.0588235294117645,19.11764705882353,0.23529411764705882,3.2941176470588234,0.0,1,93.81
1.5294117647058822,0.5294117647058824,0.47058823529411764,2.0,0.0,0.8235294117647058,0.0,0.47058823529411764,1.588235294117647,0.0,0.0,0.23529411764705882,0.5294117647058824,0.0,0.6470588235294118,40.411764705882355,0.47058823529411764,0.0,79.3529411764706,15.176470588235293,6.588235294117647,39.529411764705884,2.764705882352941,3.9411764705882355,0.0,1,52.5
0.17647058823529413,0.11764705882352941,0.5882352941176471,0.5294117647058824,0.0,0.17647058823529413,0.0,0.47058823529411764,0.7058823529411765,0.0,0.0,0.35294117647058826,0.7058823529411765,0.0,0.35294117647058826,16.470588235294116,1.1176470588235294,0.0,48.23529411764706,14.352941176470589,1.6470588235294117,15.764705882352942,0.0,3.3529411764705883,0.0,1,95.39
1.0,0.29411764705882354,0.8235294117647058,2.8823529411764706,0.0,0.058823529411764705,0.0,0.4117647058823529,1.9411764705882353,0.0,0.0,0.35294117647058826,0.7058823529411765,0.0,0.7647058823529411,34.411764705882355,2.6470588235294117,0.0,56.470588235294116,3.411764705882353,5.0,32.23529411764706,3.0,5.470588235294118,0.6470588235294118,1,101.7
1.0588235294117647,0.35294117647058826,0.23529411764705882,0.47058823529411764,0.0,1.2352941176470589,0.0,0.35294117647058826,2.411764705882353,0.0,0.0,0.0,0.5882352941176471,0.0,0.8235294117647058,27.176470588235293,0.29411764705882354,0.0,64.05882352941177,4.0,5.294117647058823,24.058823529411764,0.7647058823529411,1.1764705882352942,0.11764705882352941,1,69.93
0.8823529411764706,0.5882352941176471,0.5882352941176471,6.9411764705882355,0.0,0.8823529411764706,0.0,0.35294117647058826,3.7058823529411766,0.0,0.0,0.23529411764705882,0.4117647058823529,0.0,1.7058823529411764,52.35294117647059,0.9411764705882353,0.0,70.17647058823529,2.764705882352941,5.352941176470588,27.58823529411765,7.705882352941177,12.0,0.0,1,98.5
1.0588235294117647,0.23529411764705882,1.1764705882352942,10.705882352941176,0.0,0.11764705882352941,0.0,0.5882352941176471,2.176470588235294,0.0,0.0,0.7058823529411765,0.7058823529411765,0.0,0.4117647058823529,40.529411764705884,0.5882352941176471,0.0,84.82352941176471,1.0,5.764705882352941,25.58823529411765,2.5294117647058822,6.0588235294117645,0.7647058823529411,1,97.4
0.29411764705882354,0.47058823529411764,0.8235294117647058,2.0,0.0,1.5294117647058822,0.0,0.35294117647058826,1.4705882352941178,0.0,0.0,0.35294117647058826,0.47058823529411764,0.0,0.5294117647058824,29.58823529411765,1.0588235294117647,0.0,40.8235294117647,2.4705882352941178,4.705882352941177,11.0,2.764705882352941,6.411764705882353,0.058823529411764705,1,88.38
0.9411764705882353,0.23529411764705882,0.8235294117647058,9.411764705882353,0.0,0.0,0.0,0.4117647058823529,0.9411764705882353,0.0,0.0,0.5882352941176471,0.7647058823529411,0.0,0.4117647058823529,16.294117647058822,0.4117647058823529,0.0,22.529411764705884,1.0,2.9411764705882355,6.352941176470588,0.29411764705882354,3.764705882352941,0.0,1,88.83
0.7647058823529411,0.8235294117647058,0.7058823529411765,0.23529411764705882,0.0,0.7647058823529411,0.0,0.5294117647058824,0.5294117647058824,0.0,0.0,0.35294117647058826,0.7647058823529411,0.0,0.6470588235294118,20.529411764705884,0.29411764705882354,0.0,55.8235294117647,3.764705882352941,1.5294117647058822,16.11764705882353,0.0,4.823529411764706,0.0,1,71.11
0.8823529411764706,0.23529411764705882,0.5882352941176471,1.1764705882352942,0.0,0.17647058823529413,0.0,0.47058823529411764,2.6470588235294117,0.0,0.0,0.23529411764705882,1.0,0.0,0.5882352941176471,29.058823529411764,1.7058823529411764,0.0,88.17647058823529,1.411764705882353,4.0588235294117645,19.470588235294116,1.0588235294117647,4.529411764705882,0.11764705882352941,1,84.9
0.6470588235294118,0.23529411764705882,0.47058823529411764,2.3529411764705883,0.0,0.5294117647058824,0.0,0.5294117647058824,1.1176470588235294,0.0,0.0,0.23529411764705882,0.47058823529411764,0.0,0.5882352941176471,25.294117647058822,0.17647058823529413,0.0,43.88235294117647,1.3529411764705883,6.117647058823529,16.647058823529413,1.5294117647058822,2.823529411764706,0.058823529411764705,1,78.68
1.0,0.17647058823529413,0.5882352941176471,2.411764705882353,0.0,0.058823529411764705,0.0,0.35294117647058826,1.2352941176470589,0.0,0.0,0.23529411764705882,0.5882352941176471,0.0,0.47058823529411764,20.88235294117647,0.8823529411764706,0.0,40.64705882352941,2.588235294117647,3.588235294117647,18.0,0.47058823529411764,3.0588235294117645,0.058823529411764705,1,103.5
0.5294117647058824,0.35294117647058826,0.5882352941176471,0.47058823529411764,0.0,0.6470588235294118,0.0,0.35294117647058826,0.9411764705882353,0.0,0.0,0.23529411764705882,0.47058823529411764,0.0,0.35294117647058826,18.11764705882353,0.29411764705882354,0.0,37.76470588235294,0.8823529411764706,2.588235294117647,8.705882352941176,0.4117647058823529,2.764705882352941,0.058823529411764705,1,89.87
2.235294117647059,0.9411764705882353,0.47058823529411764,0.23529411764705882,0.0,1.1764705882352942,0.0,0.7058823529411765,1.8823529411764706,0.0,0.0,0.23529411764705882,0.5882352941176471,0.0,0.35294117647058826,31.352941176470587,0.29411764705882354,0.0,64.29411764705883,1.5294117647058822,5.235294117647059,20.647058823529413,0.9411764705882353,4.411764705882353,0.11764705882352941,1,74.32
0.47058823529411764,0.29411764705882354,0.35294117647058826,2.3529411764705883,0.0,0.058823529411764705,0.0,0.35294117647058826,1.4705882352941178,0.0,0.0,0.11764705882352941,0.6470588235294118,0.0,0.47058823529411764,23.647058823529413,0.47058823529411764,0.0,40.705882352941174,1.6470588235294117,5.0,19.764705882352942,0.0,2.176470588235294,0.0,1,99.08
0.7647058823529411,0.23529411764705882,0.23529411764705882,0.7058823529411765,0.0,0.23529411764705882,0.0,0.35294117647058826,0.35294117647058826,0.0,0.0,0.0,0.6470588235294118,0.0,0.29411764705882354,20.941176470588236,0.4117647058823529,0.0,42.529411764705884,1.3529411764705883,4.647058823529412,10.529411764705882,1.7647058823529411,2.235294117647059,0.23529411764705882,1,97.03
1.2941176470588236,0.5294117647058824,0.47058823529411764,1.5294117647058822,0.0,0.17647058823529413,0.0,0.7058823529411765,0.8823529411764706,0.0,0.0,0.11764705882352941,0.5294117647058824,0.0,0.47058823529411764,30.764705882352942,0.5882352941176471,0.0,66.0,1.1764705882352942,3.1176470588235294,20.647058823529413,3.823529411764706,4.588235294117647,0.11764705882352941,1,77.9
0.9411764705882353,0.35294117647058826,1.0588235294117647,2.0588235294117645,0.0,1.3529411764705883,0.11764705882352941,0.35294117647058826,2.2941176470588234,0.0,0.0,0.5882352941176471,0.5294117647058824,0.0,0.4117647058823529,34.705882352941174,0.7058823529411765,0.0,55.94117647058823,0.5294117647058824,4.647058823529412,31.235294117647058,0.0,6.235294117647059,0.0,1,94.0
0.7058823529411765,0.058823529411764705,0.47058823529411764,0.35294117647058826,0.0,0.0,0.0,0.35294117647058826,0.23529411764705882,0.0,0.0,0.23529411764705882,0.5294117647058824,0.0,0.29411764705882354,16.470588235294116,0.35294117647058826,0.0,45.294117647058826,2.0588235294117645,2.176470588235294,16.352941176470587,1.1764705882352942,3.235294117647059,0.0,1,91.58
0.8823529411764706,0.17647058823529413,0.35294117647058826,3.411764705882353,0.0,0.17647058823529413,0.0,0.35294117647058826,1.1176470588235294,0.0,0.0,0.0,0.7647058823529411,0.0,0.47058823529411764,36.588235294117645,2.176470588235294,0.0,75.0,2.588235294117647,6.0588235294117645,20.58823529411765,0.7058823529411765,2.764705882352941,0.0,1,106.69
0.0,0.4117647058823529,0.47058823529411764,1.0588235294117647,0.0,0.47058823529411764,0.0,0.5882352941176471,1.1764705882352942,0.0,0.0,0.11764705882352941,0.4117647058823529,0.0,0.23529411764705882,18.235294117647058,0.35294117647058826,0.0,32.588235294117645,3.235294117647059,2.2941176470588234,11.764705882352942,0.0,2.588235294117647,0.0,1,27.04
0.0,0.4117647058823529,0.11764705882352941,0.11764705882352941,0.0,0.29411764705882354,0.0,0.23529411764705882,0.7058823529411765,0.0,0.0,0.0,0.058823529411764705,0.0,0.29411764705882354,10.176470588235293,0.29411764705882354,0.0,14.470588235294118,1.7058823529411764,2.3529411764705883,6.529411764705882,0.8235294117647058,0.7058823529411765,0.0,1,28.86
0.0,0.058823529411764705,0.23529411764705882,0.11764705882352941,0.0,0.23529411764705882,0.0,0.0,0.35294117647058826,0.0,0.0,0.11764705882352941,0.29411764705882354,0.0,0.29411764705882354,6.764705882352941,0.17647058823529413,0.0,16.941176470588236,0.5294117647058824,1.1764705882352942,6.294117647058823,0.29411764705882354,2.0588235294117645,0.0,1,29.51
0.0,0.29411764705882354,0.23529411764705882,0.0,0.0,0.0,0.0,0.0,0.35294117647058826,0.0,0.0,0.23529411764705882,0.0,0.0,0.0,7.647058823529412,0.17647058823529413,0.0,7.0,0.0,0.47058823529411764,3.2941176470588234,0.0,4.529411764705882,0.0,1,91.0
0.47058823529411764,0.47058823529411764,0.7058823529411765,10.705882352941176,0.0,0.4117647058823529,0.0,0.5882352941176471,1.4705882352941178,0.0,0.0,0.35294117647058826,0.8823529411764706,0.0,0.5882352941176471,60.76470588235294,1.0588235294117647,0.0,138.11764705882354,1.1176470588235294,3.3529411764705883,35.294117647058826,7.647058823529412,4.764705882352941,0.0,1,97.2
0.9411764705882353,0.29411764705882354,0.7058823529411765,2.5294117647058822,0.0,0.058823529411764705,0.0,0.4117647058823529,0.6470588235294118,0.0,0.0,0.47058823529411764,0.6470588235294118,0.0,0.29411764705882354,31.41176470588235,0.29411764705882354,0.0,36.294117647058826,0.6470588235294118,3.411764705882353,13.294117647058824,2.176470588235294,3.9411764705882355,0.0,1,94.11
0.0,0.11764705882352941,0.23529411764705882,2.588235294117647,0.0,0.058823529411764705,0.0,0.0,0.5882352941176471,0.0,0.0,0.23529411764705882,0.11764705882352941,0.0,0.0,6.705882352941177,0.17647058823529413,0.0,9.941176470588236,0.17647058823529413,1.1176470588235294,3.0,0.35294117647058826,3.5294117647058822,0.0,1,90.0
0.7647058823529411,0.4117647058823529,0.8235294117647058,4.470588235294118,0.0,1.6470588235294117,0.0,0.35294117647058826,2.0588235294117645,0.0,0.0,0.47058823529411764,0.8823529411764706,0.0,0.9411764705882353,60.76470588235294,0.8823529411764706,0.0,61.94117647058823,0.9411764705882353,2.0588235294117645,49.64705882352941,11.411764705882353,12.117647058823529,0.17647058823529413,1,90.0
0.5882352941176471,0.11764705882352941,0.35294117647058826,0.47058823529411764,0.0,0.17647058823529413,0.0,0.7647058823529411,1.0588235294117647,0.0,0.0,0.0,0.7647058823529411,0.0,0.6470588235294118,18.11764705882353,0.4117647058823529,0.0,29.88235294117647,1.0588235294117647,5.9411764705882355,19.0,0.17647058823529413,3.0,0.058823529411764705,1,97.87
1.0588235294117647,0.47058823529411764,0.7058823529411765,3.4705882352941178,0.0,0.058823529411764705,0.058823529411764705,0.4117647058823529,1.2352941176470589,0.0,0.0,0.47058823529411764,0.5882352941176471,0.0,1.1176470588235294,33.05882352941177,0.5294117647058824,0.0,63.23529411764706,2.5294117647058822,5.470588235294118,61.05882352941177,3.2941176470588234,5.235294117647059,0.0,1,88.8
0.0,0.11764705882352941,0.23529411764705882,0.11764705882352941,0.0,0.17647058823529413,0.0,0.35294117647058826,0.5294117647058824,0.0,0.0,0.0,0.6470588235294118,0.0,0.35294117647058826,14.235294117647058,0.23529411764705882,0.0,34.705882352941174,0.0,1.588235294117647,16.470588235294116,0.5882352941176471,1.1764705882352942,0.058823529411764705,1,98.53
0.5294117647058824,0.17647058823529413,0.7058823529411765,0.23529411764705882,0.0,0.058823529411764705,0.0,0.4117647058823529,0.35294117647058826,0.0,0.0,0.47058823529411764,0.6470588235294118,0.0,0.29411764705882354,13.235294117647058,0.29411764705882354,0.0,45.294117647058826,0.0,1.3529411764705883,13.764705882352942,1.3529411764705883,4.176470588235294,0.11764705882352941,1,98.3
0.0,0.17647058823529413,0.23529411764705882,1.411764705882353,0.0,0.11764705882352941,0.0,0.058823529411764705,0.47058823529411764,0.0,0.0,0.23529411764705882,0.058823529411764705,0.0,0.0,8.823529411764707,0.11764705882352941,0.0,12.882352941176471,0.17647058823529413,1.411764705882353,3.5294117647058822,0.17647058823529413,4.235294117647059,0.0,1,99.0
0.35294117647058826,0.35294117647058826,0.8235294117647058,0.8235294117647058,0.0,0.17647058823529413,0.0,0.35294117647058826,0.8823529411764706,0.0,0.0,0.5882352941176471,0.35294117647058826,0.0,0.29411764705882354,22.88235294117647,0.29411764705882354,0.0,49.588235294117645,0.8235294117647058,2.5294117647058822,14.823529411764707,0.7647058823529411,4.0,0.11764705882352941,1,88.3
0.23529411764705882,0.23529411764705882,1.2941176470588236,2.7058823529411766,0.0,0.11764705882352941,0.0,0.7647058823529411,1.588235294117647,0.0,0.0,0.35294117647058826,0.5294117647058824,0.0,0.35294117647058826,18.88235294117647,0.5882352941176471,0.0,44.11764705882353,0.17647058823529413,2.235294117647059,9.647058823529411,0.058823529411764705,8.117647058823529,0.0,1,41.64
0.7058823529411765,0.17647058823529413,0.5882352941176471,0.35294117647058826,0.0,0.058823529411764705,0.0,0.35294117647058826,0.17647058823529413,0.0,0.0,0.35294117647058826,0.8823529411764706,0.0,0.23529411764705882,22.41176470588235,0.7647058823529411,0.0,31.529411764705884,0.29411764705882354,1.2941176470588236,23.88235294117647,2.4705882352941178,3.1176470588235294,0.0,1,105.83
0.11764705882352941,0.058823529411764705,0.23529411764705882,0.0,0.0,0.0,0.0,0.29411764705882354,0.17647058823529413,0.0,0.0,0.0,0.17647058823529413,0.0,0.0,4.352941176470588,0.0,0.0,15.411764705882353,0.0,0.35294117647058826,4.9411764705882355,0.23529411764705882,1.3529411764705883,0.0,1,47.33
0.47058823529411764,0.47058823529411764,0.35294117647058826,2.5294117647058822,0.0,0.35294117647058826,0.0,0.5882352941176471,0.9411764705882353,0.0,0.0,0.0,0.7058823529411765,0.0,0.35294117647058826,30.235294117647058,0.7058823529411765,0.0,41.88235294117647,0.23529411764705882,10.352941176470589,15.117647058823529,0.0,2.588235294117647,0.0,1,74.61
0.7058823529411765,0.35294117647058826,0.23529411764705882,0.5882352941176471,0.0,0.17647058823529413,0.0,0.47058823529411764,1.5294117647058822,0.0,0.0,0.0,0.7647058823529411,0.0,0.4117647058823529,22.294117647058822,0.47058823529411764,0.0,61.05882352941177,0.5882352941176471,5.764705882352941,11.411764705882353,0.7058823529411765,1.1764705882352942,0.0,1,81.6
0.35294117647058826,0.29411764705882354,0.47058823529411764,1.3529411764705883,0.0,0.17647058823529413,0.0,0.4117647058823529,1.0,0.0,0.0,0.23529411764705882,0.47058823529411764,0.0,0.47058823529411764,27.705882352941178,0.7647058823529411,0.0,40.529411764705884,1.8823529411764706,2.8823529411764706,33.64705882352941,0.47058823529411764,2.1176470588235294,0.0,1,97.3
0.47058823529411764,0.47058823529411764,0.47058823529411764,3.2941176470588234,0.0,0.29411764705882354,0.0,0.6470588235294118,1.3529411764705883,0.0,0.0,0.11764705882352941,0.6470588235294118,0.0,0.7647058823529411,19.0,0.7058823529411765,0.0,27.764705882352942,0.7647058823529411,4.647058823529412,20.764705882352942,1.1176470588235294,3.411764705882353,0.0,1,74.02
0.0,0.0,0.23529411764705882,0.4117647058823529,0.0,0.0,0.0,0.17647058823529413,0.29411764705882354,0.0,0.0,0.11764705882352941,0.29411764705882354,0.0,0.29411764705882354,9.176470588235293,0.11764705882352941,0.0,19.647058823529413,0.17647058823529413,1.7058823529411764,4.117647058823529,0.11764705882352941,1.0588235294117647,0.0,1,25.51
0.0,0.23529411764705882,0.47058823529411764,0.7058823529411765,0.0,0.0,0.0,0.0,0.4117647058823529,0.0,0.0,0.47058823529411764,0.0,0.0,0.0,5.352941176470588,0.058823529411764705,0.0,2.9411764705882355,0.0,0.11764705882352941,0.11764705882352941,1.7647058823529411,12.705882352941176,0.058823529411764705,1,95.0
1.0,0.23529411764705882,0.8235294117647058,4.117647058823529,0.0,0.23529411764705882,0.0,0.7647058823529411,1.7647058823529411,0.0,0.0,0.35294117647058826,0.7058823529411765,0.0,0.4117647058823529,35.705882352941174,1.1176470588235294,0.0,73.88235294117646,8.705882352941176,6.0,26.941176470588236,1.7647058823529411,4.235294117647059,0.0,2,86.91
1.2352941176470589,0.23529411764705882,0.35294117647058826,0.17647058823529413,0.0,0.29411764705882354,0.0,0.5294117647058824,1.2352941176470589,0.0,0.0,0.11764705882352941,0.8235294117647058,0.0,0.29411764705882354,21.58823529411765,0.35294117647058826,0.0,25.294117647058822,5.294117647058823,4.117647058823529,15.235294117647058,3.1176470588235294,2.823529411764706,0.0,2,85.74
0.4117647058823529,0.35294117647058826,0.7058823529411765,0.35294117647058826,0.0,0.35294117647058826,0.0,0.5294117647058824,1.8823529411764706,0.0,0.0,0.23529411764705882,0.5882352941176471,0.0,0.29411764705882354,29.470588235294116,0.4117647058823529,0.0,75.70588235294117,10.470588235294118,3.7058823529411766,11.529411764705882,0.5882352941176471,3.411764705882353,0.058823529411764705,2,75.52
2.9411764705882355,0.6470588235294118,0.5882352941176471,17.11764705882353,0.0,0.47058823529411764,0.0,0.4117647058823529,3.0588235294117645,0.0,0.0,0.11764705882352941,0.7058823529411765,0.0,0.6470588235294118,49.1764705882353,1.0588235294117647,0.0,65.0,9.588235294117647,5.0,27.294117647058822,0.9411764705882353,4.352941176470588,0.0,2,95.6
0.35294117647058826,0.35294117647058826,0.47058823529411764,1.3529411764705883,0.0,0.0,0.0,0.35294117647058826,1.0,0.0,0.0,0.23529411764705882,0.5882352941176471,0.0,0.4117647058823529,19.41176470588235,0.35294117647058826,0.0,42.76470588235294,8.764705882352942,5.294117647058823,13.058823529411764,2.0588235294117645,2.9411764705882355,0.47058823529411764,2,71.9
0.9411764705882353,0.23529411764705882,0.47058823529411764,2.588235294117647,0.0,0.058823529411764705,0.0,0.35294117647058826,2.0588235294117645,0.0,0.0,0.23529411764705882,0.5294117647058824,0.0,0.4117647058823529,24.11764705882353,0.23529411764705882,0.0,41.35294117647059,10.294117647058824,4.529411764705882,11.882352941176471,0.5294117647058824,4.0,0.058823529411764705,2,67.07
0.7058823529411765,0.4117647058823529,0.47058823529411764,2.235294117647059,0.0,0.0,0.0,0.47058823529411764,1.588235294117647,0.0,0.0,0.11764705882352941,0.7647058823529411,0.0,0.23529411764705882,25.58823529411765,0.23529411764705882,0.0,61.705882352941174,5.117647058823529,4.529411764705882,29.0,1.7647058823529411,2.9411764705882355,0.0,2,94.3
0.8235294117647058,0.29411764705882354,0.47058823529411764,0.35294117647058826,0.0,0.29411764705882354,0.0,0.4117647058823529,0.7058823529411765,0.0,0.0,0.23529411764705882,0.5882352941176471,0.0,0.47058823529411764,23.88235294117647,0.4117647058823529,0.0,28.470588235294116,11.176470588235293,1.588235294117647,21.470588235294116,0.6470588235294118,3.411764705882353,0.17647058823529413,2,95.03
0.47058823529411764,0.5294117647058824,0.8235294117647058,0.35294117647058826,0.0,0.8823529411764706,0.0,0.4117647058823529,1.5294117647058822,0.0,0.0,0.23529411764705882,0.7647058823529411,0.0,0.29411764705882354,26.705882352941178,0.5294117647058824,0.0,59.411764705882355,27.41176470588235,3.7058823529411766,22.823529411764707,1.0588235294117647,4.588235294117647,0.11764705882352941,2,93.7
1.1176470588235294,1.0,0.5882352941176471,0.8235294117647058,0.0,1.1176470588235294,0.0,0.6470588235294118,2.2941176470588234,0.0,0.0,0.23529411764705882,0.8823529411764706,0.0,0.9411764705882353,54.470588235294116,0.9411764705882353,0.0,105.29411764705883,14.0,11.352941176470589,32.94117647058823,0.058823529411764705,4.117647058823529,0.0,2,77.59
0.9411764705882353,0.17647058823529413,0.23529411764705882,0.0,0.0,0.058823529411764705,0.0,0.35294117647058826,0.17647058823529413,0.0,0.0,0.0,0.47058823529411764,0.0,0.35294117647058826,17.294117647058822,0.23529411764705882,0.0,41.11764705882353,3.2941176470588234,2.7058823529411766,15.470588235294118,0.29411764705882354,1.3529411764705883,0.058823529411764705,2,94.73
2.0,0.0,0.47058823529411764,2.176470588235294,0.0,0.5294117647058824,0.0,0.35294117647058826,0.7647058823529411,0.0,0.0,0.23529411764705882,0.6470588235294118,0.0,0.4117647058823529,24.647058823529413,1.7647058823529411,0.0,43.11764705882353,11.823529411764707,3.9411764705882355,20.0,1.7058823529411764,3.2941176470588234,0.11764705882352941,2,104.9
0.5882352941176471,0.6470588235294118,0.8235294117647058,0.23529411764705882,0.0,0.29411764705882354,0.0,0.7647058823529411,2.235294117647059,0.0,0.0,0.23529411764705882,0.29411764705882354,0.0,0.4117647058823529,18.823529411764707,0.23529411764705882,0.0,38.76470588235294,1.2941176470588236,4.294117647058823,13.058823529411764,2.176470588235294,5.470588235294118,0.0,2,65.78
0.11764705882352941,0.0,0.11764705882352941,4.823529411764706,0.0,0.17647058823529413,0.0,0.11764705882352941,0.4117647058823529,0.0,0.0,0.11764705882352941,0.0,0.0,0.35294117647058826,16.529411764705884,0.17647058823529413,0.0,23.529411764705884,0.0,4.0588235294117645,9.058823529411764,0.29411764705882354,0.5294117647058824,0.0,2,67.23
0.0,0.0,0.0,0.17647058823529413,0.0,0.0,0.0,0.0,0.0,0.0,0.0,0.0,0.0,0.0,0.0,0.17647058823529413,0.0,0.0,0.0,0.0,0.058823529411764705,0.0,0.0,0.0,0.0,2,0.0
1.1764705882352942,0.6470588235294118,0.8235294117647058,4.235294117647059,0.0,0.7058823529411765,0.0,0.8235294117647058,1.0,0.0,0.0,0.5882352941176471,0.7647058823529411,0.0,0.7058823529411765,35.529411764705884,0.47058823529411764,0.0,51.94117647058823,15.764705882352942,4.294117647058823,26.352941176470587,1.4705882352941178,4.647058823529412,0.11764705882352941,2,68.76
0.0,0.5882352941176471,0.23529411764705882,0.47058823529411764,0.0,0.11764705882352941,0.0,0.4117647058823529,0.9411764705882353,0.0,0.0,0.0,0.23529411764705882,0.0,0.11764705882352941,31.470588235294116,0.35294117647058826,0.0,81.05882352941177,5.588235294117647,2.8823529411764706,15.529411764705882,0.5882352941176471,2.1176470588235294,0.0,2,94.79
1.7058823529411764,0.47058823529411764,0.9411764705882353,2.5294117647058822,0.0,0.23529411764705882,0.0,0.35294117647058826,1.8823529411764706,0.0,0.0,0.47058823529411764,0.5882352941176471,0.0,0.35294117647058826,30.058823529411764,0.6470588235294118,0.0,47.8235294117647,5.352941176470588,5.823529411764706,21.235294117647058,1.2941176470588236,6.588235294117647,0.11764705882352941,2,102.0
2.1176470588235294,0.47058823529411764,0.47058823529411764,6.470588235294118,0.0,0.23529411764705882,0.0,0.5294117647058824,1.7647058823529411,0.0,0.0,0.23529411764705882,0.5882352941176471,0.0,0.7058823529411765,42.705882352941174,0.47058823529411764,0.0,72.6470588235294,23.88235294117647,6.882352941176471,18.11764705882353,0.058823529411764705,3.8823529411764706,0.0,2,99.5
0.8235294117647058,0.5882352941176471,0.5882352941176471,3.8823529411764706,0.0,0.29411764705882354,0.0,0.47058823529411764,1.1764705882352942,0.0,0.0,0.35294117647058826,0.7058823529411765,0.0,0.7647058823529411,23.647058823529413,0.47058823529411764,0.0,41.529411764705884,13.882352941176471,4.529411764705882,9.823529411764707,0.23529411764705882,2.588235294117647,0.0,2,97.5
0.5294117647058824,0.47058823529411764,0.7058823529411765,0.7647058823529411,0.0,0.11764705882352941,0.0,0.5882352941176471,0.7647058823529411,0.0,0.0,0.11764705882352941,0.6470588235294118,0.0,0.29411764705882354,23.41176470588235,0.17647058823529413,0.0,73.41176470588235,2.0,3.4705882352941178,16.764705882352942,0.0,3.5294117647058822,0.0,2,68.82
0.5882352941176471,0.35294117647058826,0.5882352941176471,2.764705882352941,0.0,0.17647058823529413,0.0,0.35294117647058826,0.5294117647058824,0.0,0.0,0.23529411764705882,0.6470588235294118,0.0,0.6470588235294118,17.41176470588235,0.29411764705882354,0.0,32.11764705882353,11.823529411764707,1.3529411764705883,12.764705882352942,0.5882352941176471,4.117647058823529,0.0,2,85.5
1.3529411764705883,0.058823529411764705,0.23529411764705882,1.2352941176470589,0.0,0.17647058823529413,0.0,0.35294117647058826,0.5882352941176471,0.0,0.0,0.0,0.6470588235294118,0.0,0.29411764705882354,19.705882352941178,0.6470588235294118,0.0,42.11764705882353,7.235294117647059,4.9411764705882355,10.941176470588236,0.0,1.411764705882353,0.0,2,56.91
0.6470588235294118,0.23529411764705882,0.5882352941176471,1.588235294117647,0.0,0.29411764705882354,0.0,0.47058823529411764,0.7058823529411765,0.0,0.0,0.35294117647058826,0.7058823529411765,0.0,0.47058823529411764,22.41176470588235,0.8823529411764706,0.0,60.11764705882353,9.058823529411764,2.6470588235294117,14.058823529411764,1.0588235294117647,3.5294117647058822,0.058823529411764705,2,87.48
1.411764705882353,0.35294117647058826,0.9411764705882353,1.0588235294117647,0.0,0.29411764705882354,0.0,0.35294117647058826,0.7647058823529411,0.0,0.0,0.7058823529411765,0.6470588235294118,0.0,0.29411764705882354,20.764705882352942,0.47058823529411764,0.0,36.11764705882353,7.0588235294117645,4.705882352941177,21.058823529411764,1.5294117647058822,6.0588235294117645,0.0,2,101.3
0.7058823529411765,0.35294117647058826,0.7058823529411765,0.29411764705882354,0.0,0.0,0.0,0.4117647058823529,1.0,0.0,0.0,0.23529411764705882,0.6470588235294118,0.0,0.5882352941176471,25.58823529411765,0.6470588235294118,0.0,57.470588235294116,0.8235294117647058,3.3529411764705883,24.823529411764707,0.0,4.823529411764706,0.0,2,109.4
0.5294117647058824,0.11764705882352941,0.47058823529411764,5.294117647058823,0.0,0.058823529411764705,0.0,0.4117647058823529,0.5294117647058824,0.0,0.0,0.11764705882352941,0.5294117647058824,0.0,0.47058823529411764,19.41176470588235,1.0588235294117647,0.0,31.11764705882353,13.823529411764707,2.8823529411764706,20.705882352941178,0.5294117647058824,3.5294117647058822,0.058823529411764705,2,100.67
0.0,0.11764705882352941,0.47058823529411764,0.5294117647058824,0.0,0.11764705882352941,0.0,0.47058823529411764,0.9411764705882353,0.0,0.0,0.23529411764705882,0.29411764705882354,0.0,0.29411764705882354,9.0,0.11764705882352941,0.0,8.117647058823529,0.0,2.3529411764705883,4.352941176470588,1.2941176470588236,2.9411764705882355,0.058823529411764705,2,49.33
0.0,0.0,0.0,0.35294117647058826,0.0,0.11764705882352941,0.0,0.0,0.29411764705882354,0.0,0.0,0.0,0.058823529411764705,0.0,0.0,4.705882352941177,0.17647058823529413,0.0,11.588235294117647,0.17647058823529413,1.5294117647058822,4.529411764705882,0.23529411764705882,0.0,0.0,2,5.13
0.8235294117647058,0.47058823529411764,0.35294117647058826,10.294117647058824,0.0,0.4117647058823529,0.0,0.4117647058823529,2.4705882352941178,0.0,0.0,0.11764705882352941,0.5294117647058824,0.0,0.35294117647058826,38.0,1.2352941176470589,0.0,55.88235294117647,11.588235294117647,5.117647058823529,16.0,0.4117647058823529,2.6470588235294117,0.0,2,73.13
0.6470588235294118,0.29411764705882354,0.5882352941176471,0.8823529411764706,0.0,0.11764705882352941,0.0,0.47058823529411764,1.5294117647058822,0.0,0.0,0.35294117647058826,0.11764705882352941,0.0,0.5294117647058824,24.58823529411765,0.7647058823529411,0.0,41.1764705882353,0.7058823529411765,2.764705882352941,10.058823529411764,1.7058823529411764,4.882352941176471,0.058823529411764705,2,61.2
1.411764705882353,0.5882352941176471,0.8235294117647058,1.7647058823529411,0.0,0.9411764705882353,0.0,0.35294117647058826,2.2941176470588234,0.0,0.0,0.47058823529411764,0.11764705882352941,0.0,0.4117647058823529,42.23529411764706,1.1764705882352942,0.0,79.17647058823529,3.4705882352941178,5.705882352941177,14.235294117647058,0.058823529411764705,5.352941176470588,0.0,2,60.18
0.47058823529411764,0.35294117647058826,0.47058823529411764,0.0,0.0,0.23529411764705882,0.0,0.47058823529411764,1.6470588235294117,0.0,0.0,0.11764705882352941,0.8823529411764706,0.0,0.35294117647058826,36.529411764705884,0.35294117647058826,0.0,91.82352941176471,12.941176470588236,6.117647058823529,34.705882352941174,0.0,2.3529411764705883,0.0,2,89.04
1.1176470588235294,0.7647058823529411,0.47058823529411764,2.1176470588235294,0.0,0.7058823529411765,0.0,0.35294117647058826,4.294117647058823,0.0,0.0,0.0,0.8235294117647058,0.0,0.8823529411764706,50.11764705882353,2.4705882352941178,0.0,107.41176470588235,14.823529411764707,6.0588235294117645,29.294117647058822,3.2941176470588234,3.4705882352941178,0.0,2,83.6
0.7058823529411765,0.29411764705882354,0.47058823529411764,1.0588235294117647,0.0,0.058823529411764705,0.0,0.5294117647058824,0.9411764705882353,0.0,0.0,0.23529411764705882,0.4117647058823529,0.0,0.29411764705882354,16.647058823529413,0.5882352941176471,0.0,32.588235294117645,10.176470588235293,3.411764705882353,15.117647058823529,1.1176470588235294,3.5294117647058822,0.0,2,64.65
1.2352941176470589,0.35294117647058826,0.47058823529411764,5.9411764705882355,0.0,0.29411764705882354,0.058823529411764705,0.5294117647058824,2.5294117647058822,0.0,0.0,0.11764705882352941,0.5294117647058824,0.0,0.7647058823529411,23.11764705882353,0.7058823529411765,0.0,92.47058823529412,3.823529411764706,7.235294117647059,26.058823529411764,2.1176470588235294,4.235294117647059,0.0,2,96.4
0.35294117647058826,0.23529411764705882,1.0588235294117647,6.705882352941177,0.0,0.29411764705882354,0.0,0.35294117647058826,0.5882352941176471,0.0,0.0,0.5882352941176471,0.47058823529411764,0.0,0.29411764705882354,10.764705882352942,0.7058823529411765,0.0,26.88235294117647,4.647058823529412,0.9411764705882353,10.0,0.0,4.823529411764706,0.0,2,87.22
0.6470588235294118,0.4117647058823529,0.35294117647058826,0.8823529411764706,0.0,0.29411764705882354,0.0,0.4117647058823529,0.8823529411764706,0.0,0.0,0.11764705882352941,0.47058823529411764,0.0,0.23529411764705882,21.41176470588235,0.5882352941176471,0.0,49.1764705882353,6.235294117647059,2.5294117647058822,7.9411764705882355,0.058823529411764705,1.8235294117647058,0.058823529411764705,2,68.22
0.6470588235294118,0.35294117647058826,0.5882352941176471,0.058823529411764705,0.0,0.11764705882352941,0.0,0.17647058823529413,1.0588235294117647,0.0,0.0,0.35294117647058826,0.8235294117647058,0.0,0.29411764705882354,26.88235294117647,0.4117647058823529,0.0,54.8235294117647,7.235294117647059,3.6470588235294117,17.88235294117647,0.0,2.823529411764706,0.0,2,83.34
0.5882352941176471,0.47058823529411764,0.7058823529411765,1.411764705882353,0.0,0.23529411764705882,0.0,0.47058823529411764,0.8823529411764706,0.0,0.0,0.35294117647058826,0.6470588235294118,0.0,0.35294117647058826,29.823529411764707,0.7058823529411765,0.0,48.1764705882353,18.529411764705884,5.294117647058823,16.764705882352942,0.0,3.823529411764706,0.0,2,105.32
0.7647058823529411,0.11764705882352941,0.7058823529411765,0.6470588235294118,0.0,0.11764705882352941,0.0,0.5294117647058824,2.9411764705882355,0.0,0.0,0.47058823529411764,0.7647058823529411,0.0,0.35294117647058826,15.588235294117647,0.47058823529411764,0.0,64.58823529411765,12.647058823529411,3.3529411764705883,23.176470588235293,0.7058823529411765,4.470588235294118,0.0,2,95.8
0.0,0.23529411764705882,0.11764705882352941,0.0,0.0,0.0,0.0,0.23529411764705882,0.29411764705882354,0.0,0.0,0.0,0.29411764705882354,0.0,0.5294117647058824,5.0,0.0,0.0,6.882352941176471,2.1176470588235294,1.5294117647058822,2.1176470588235294,0.17647058823529413,0.7058823529411765,0.0,2,5.08
1.2941176470588236,0.23529411764705882,0.7058823529411765,13.294117647058824,0.0,0.17647058823529413,0.0,0.5882352941176471,1.2352941176470589,0.0,0.0,0.23529411764705882,0.7058823529411765,0.0,1.1176470588235294,47.94117647058823,1.9411764705882353,0.0,76.3529411764706,10.941176470588236,5.352941176470588,33.64705882352941,0.058823529411764705,6.470588235294118,0.0,3,98.2
0.5882352941176471,0.17647058823529413,0.7058823529411765,0.29411764705882354,0.0,0.23529411764705882,0.0,0.47058823529411764,2.8823529411764706,0.0,0.0,0.11764705882352941,0.7058823529411765,0.0,0.35294117647058826,47.05882352941177,1.8823529411764706,0.0,94.23529411764706,13.411764705882353,5.647058823529412,23.176470588235293,0.0,3.6470588235294117,0.0,3,76.7
0.8235294117647058,0.23529411764705882,0.35294117647058826,3.2941176470588234,0.0,0.23529411764705882,0.0,0.4117647058823529,2.3529411764705883,0.0,0.0,0.11764705882352941,0.4117647058823529,0.0,0.4117647058823529,11.941176470588236,0.35294117647058826,0.0,27.41176470588235,18.529411764705884,2.411764705882353,25.941176470588236,0.29411764705882354,2.3529411764705883,0.0,3,108.0
0.11764705882352941,0.17647058823529413,0.35294117647058826,0.11764705882352941,0.0,0.17647058823529413,0.0,0.17647058823529413,0.5882352941176471,0.0,0.0,0.23529411764705882,0.0,0.0,0.35294117647058826,16.176470588235293,0.5882352941176471,0.0,35.705882352941174,17.0,1.3529411764705883,13.823529411764707,0.0,2.1176470588235294,0.0,3,60.05
0.8823529411764706,0.17647058823529413,0.5882352941176471,1.7647058823529411,0.0,0.47058823529411764,0.0,0.5882352941176471,3.764705882352941,0.0,0.0,0.23529411764705882,0.47058823529411764,0.0,0.47058823529411764,35.35294117647059,0.17647058823529413,0.0,83.29411764705883,15.470588235294118,5.764705882352941,41.23529411764706,0.11764705882352941,4.352941176470588,0.058823529411764705,3,76.5
0.6470588235294118,0.35294117647058826,0.5882352941176471,8.941176470588236,0.0,0.4117647058823529,0.0,0.35294117647058826,3.0,0.0,0.0,0.11764705882352941,0.47058823529411764,0.0,0.5294117647058824,56.8235294117647,1.6470588235294117,0.0,68.52941176470588,19.705882352941178,7.470588235294118,61.23529411764706,11.470588235294118,6.117647058823529,2.823529411764706,3,101.4
0.47058823529411764,0.23529411764705882,0.47058823529411764,0.29411764705882354,0.0,0.47058823529411764,0.0,0.35294117647058826,1.0588235294117647,0.0,0.0,0.0,0.7058823529411765,0.0,0.9411764705882353,36.88235294117647,0.7058823529411765,0.0,85.17647058823529,16.176470588235293,5.823529411764706,25.823529411764707,1.2941176470588236,5.588235294117647,0.11764705882352941,3,94.2
0.7058823529411765,1.1764705882352942,0.9411764705882353,0.6470588235294118,0.0,2.588235294117647,0.0,0.7058823529411765,3.0,0.0,0.0,0.11764705882352941,0.5882352941176471,0.0,0.29411764705882354,40.05882352941177,0.23529411764705882,0.0,87.29411764705883,16.41176470588235,5.294117647058823,17.352941176470587,0.0,4.882352941176471,0.0,3,58.07
2.5294117647058822,0.35294117647058826,0.7058823529411765,4.764705882352941,0.0,0.47058823529411764,0.0,0.47058823529411764,1.2352941176470589,0.0,0.0,0.23529411764705882,0.6470588235294118,0.0,1.2941176470588236,32.1764705882353,2.1176470588235294,0.0,98.41176470588235,22.764705882352942,5.294117647058823,30.941176470588236,2.0588235294117645,6.176470588235294,0.4117647058823529,3,99.7
0.7647058823529411,0.4117647058823529,0.7058823529411765,8.411764705882353,0.0,0.5882352941176471,0.0,0.8823529411764706,1.9411764705882353,0.0,0.0,0.11764705882352941,0.6470588235294118,0.0,0.5294117647058824,32.64705882352941,0.29411764705882354,0.0,57.05882352941177,8.647058823529411,5.0,17.941176470588236,0.0,3.823529411764706,0.0,3,71.68
0.6470588235294118,0.23529411764705882,1.5294117647058822,0.6470588235294118,0.0,0.5294117647058824,0.058823529411764705,0.6470588235294118,1.8235294117647058,0.0,0.0,0.7058823529411765,0.8235294117647058,0.0,0.29411764705882354,29.470588235294116,0.4117647058823529,0.0,55.76470588235294,8.764705882352942,2.9411764705882355,24.058823529411764,0.0,7.823529411764706,0.0,3,75.79
0.5294117647058824,0.29411764705882354,0.47058823529411764,0.11764705882352941,0.0,0.17647058823529413,0.0,0.4117647058823529,1.0588235294117647,0.0,0.0,0.23529411764705882,0.7647058823529411,0.0,0.4117647058823529,19.352941176470587,0.47058823529411764,0.0,48.588235294117645,19.764705882352942,1.8235294117647058,21.705882352941178,0.17647058823529413,2.7058823529411766,0.0,3,101.1
0.7058823529411765,0.4117647058823529,0.7058823529411765,3.588235294117647,0.0,0.5882352941176471,0.0,0.5294117647058824,1.1764705882352942,0.0,0.0,0.35294117647058826,0.29411764705882354,0.0,0.23529411764705882,26.529411764705884,0.17647058823529413,0.0,66.3529411764706,11.294117647058824,4.411764705882353,25.41176470588235,0.8823529411764706,3.6470588235294117,0.0,3,85.79
0.7058823529411765,0.35294117647058826,0.47058823529411764,3.411764705882353,0.0,0.35294117647058826,0.0,0.35294117647058826,0.4117647058823529,0.0,0.0,0.23529411764705882,0.4117647058823529,0.0,0.35294117647058826,25.176470588235293,0.4117647058823529,0.0,41.11764705882353,15.294117647058824,3.9411764705882355,34.23529411764706,0.0,2.6470588235294117,0.0,3,101.61
0.8823529411764706,0.5882352941176471,1.0588235294117647,5.9411764705882355,0.0,0.29411764705882354,0.0,0.4117647058823529,1.1176470588235294,0.0,0.0,0.7058823529411765,0.47058823529411764,0.0,0.6470588235294118,27.88235294117647,0.5294117647058824,0.0,41.64705882352941,16.529411764705884,3.176470588235294,31.58823529411765,0.0,7.647058823529412,0.0,3,105.0
1.0588235294117647,0.29411764705882354,0.35294117647058826,4.529411764705882,0.0,0.35294117647058826,0.0,0.47058823529411764,0.8823529411764706,0.0,0.0,0.23529411764705882,0.7647058823529411,0.0,0.5882352941176471,27.352941176470587,0.23529411764705882,0.0,45.8235294117647,12.058823529411764,7.294117647058823,55.88235294117647,0.0,3.0,0.0,3,50.1
0.35294117647058826,0.29411764705882354,0.47058823529411764,0.35294117647058826,0.0,0.17647058823529413,0.0,0.6470588235294118,0.5294117647058824,0.0,0.0,0.11764705882352941,0.5882352941176471,0.0,0.23529411764705882,14.352941176470589,0.23529411764705882,0.0,24.823529411764707,8.411764705882353,2.588235294117647,17.352941176470587,0.0,2.3529411764705883,0.0,3,78.31
0.0,0.11764705882352941,0.5882352941176471,1.7058823529411764,0.0,0.058823529411764705,0.0,0.0,0.47058823529411764,0.0,0.0,0.5882352941176471,0.058823529411764705,0.0,0.0,12.882352941176471,0.7058823529411765,0.0,8.176470588235293,3.2941176470588234,1.1764705882352942,7.647058823529412,2.0,9.647058823529411,0.7058823529411765,3,95.0
0.0,0.0,0.0,0.0,0.0,0.0,0.0,0.0,0.0,0.0,0.0,0.0,0.0,0.0,0.0,0.058823529411764705,0.0,0.0,0.0,0.0,0.0,0.0,0.0,0.0,0.0,5,67.3
1.0,0.35294117647058826,0.7058823529411765,6.9411764705882355,0.0,0.47058823529411764,0.0,0.4117647058823529,1.2352941176470589,0.0,0.0,0.35294117647058826,0.47058823529411764,0.0,0.29411764705882354,28.176470588235293,0.8823529411764706,0.0,90.88235294117646,14.647058823529411,1.7058823529411764,37.8235294117647,1.588235294117647,4.764705882352941,0.11764705882352941,1,95.68
0.35294117647058826,0.29411764705882354,0.7058823529411765,0.7647058823529411,0.0,1.411764705882353,0.0,0.7647058823529411,1.9411764705882353,0.0,0.0,0.23529411764705882,0.5882352941176471,0.0,0.23529411764705882,28.823529411764707,0.5294117647058824,0.0,101.41176470588235,15.470588235294118,4.352941176470588,48.8235294117647,0.0,3.4705882352941178,0.0,1,75.82
1.2352941176470589,1.0,0.47058823529411764,23.11764705882353,0.0,0.5294117647058824,0.0,0.5882352941176471,2.7058823529411766,0.0,0.0,0.0,0.7058823529411765,0.0,2.7058823529411766,49.470588235294116,0.7647058823529411,0.0,88.52941176470588,46.294117647058826,8.0,40.294117647058826,0.0,7.176470588235294,0.0,1,95.5
1.0588235294117647,0.4117647058823529,0.23529411764705882,2.9411764705882355,0.0,0.35294117647058826,0.0,0.35294117647058826,2.588235294117647,0.0,0.0,0.0,0.35294117647058826,0.0,0.6470588235294118,44.705882352941174,0.8823529411764706,0.0,70.76470588235294,18.41176470588235,8.764705882352942,33.05882352941177,2.411764705882353,3.3529411764705883,0.0,1,100.0
1.6470588235294117,0.11764705882352941,0.7058823529411765,9.588235294117647,0.0,0.17647058823529413,0.0,0.5294117647058824,1.1176470588235294,0.0,0.0,0.35294117647058826,0.7058823529411765,0.0,0.35294117647058826,20.41176470588235,1.1176470588235294,0.0,43.588235294117645,20.529411764705884,2.3529411764705883,16.11764705882353,0.6470588235294118,4.823529411764706,0.058823529411764705,1,98.47
0.5294117647058824,0.47058823529411764,0.5882352941176471,0.47058823529411764,0.0,0.11764705882352941,0.0,0.35294117647058826,0.5294117647058824,0.0,0.0,0.35294117647058826,0.058823529411764705,0.0,0.35294117647058826,18.529411764705884,0.5294117647058824,0.0,22.235294117647058,16.352941176470587,1.1764705882352942,12.882352941176471,0.9411764705882353,4.352941176470588,0.0,1,51.02
0.5294117647058824,0.058823529411764705,0.5882352941176471,4.529411764705882,0.0,0.0,0.0,0.17647058823529413,0.5294117647058824,0.0,0.0,0.35294117647058826,0.058823529411764705,0.0,0.29411764705882354,27.41176470588235,0.29411764705882354,0.0,63.588235294117645,12.529411764705882,2.176470588235294,20.88235294117647,0.0,3.3529411764705883,0.0,1,93.93
3.0588235294117645,0.47058823529411764,0.7058823529411765,2.8823529411764706,0.0,0.8235294117647058,0.0,0.4117647058823529,2.3529411764705883,0.0,0.0,0.23529411764705882,0.7058823529411765,0.0,0.4117647058823529,39.76470588235294,1.1764705882352942,0.0,41.64705882352941,15.705882352941176,7.352941176470588,35.88235294117647,1.588235294117647,6.294117647058823,0.058823529411764705,1,102.18
1.1764705882352942,0.23529411764705882,0.7058823529411765,1.411764705882353,0.0,0.35294117647058826,0.0,0.4117647058823529,0.9411764705882353,0.0,0.0,0.35294117647058826,0.4117647058823529,0.0,0.35294117647058826,21.941176470588236,0.8235294117647058,0.0,43.88235294117647,14.705882352941176,1.8823529411764706,16.941176470588236,0.0,4.0,0.0,1,101.6
0.47058823529411764,0.35294117647058826,0.8235294117647058,3.411764705882353,0.0,0.23529411764705882,0.0,0.35294117647058826,1.588235294117647,0.0,0.0,0.5882352941176471,0.35294117647058826,0.0,0.23529411764705882,24.0,2.1176470588235294,0.0,41.294117647058826,18.58823529411765,2.411764705882353,21.58823529411765,0.47058823529411764,6.117647058823529,0.0,1,102.84
0.6470588235294118,1.3529411764705883,0.47058823529411764,15.588235294117647,0.0,0.8235294117647058,0.0,0.5882352941176471,2.5294117647058822,0.0,0.0,0.11764705882352941,0.058823529411764705,0.0,0.4117647058823529,42.35294117647059,0.7647058823529411,0.0,197.0,25.764705882352942,4.176470588235294,54.294117647058826,2.3529411764705883,4.647058823529412,0.0,1,102.0
0.5882352941176471,0.29411764705882354,0.5882352941176471,1.2352941176470589,0.0,0.23529411764705882,0.0,0.23529411764705882,1.0588235294117647,0.0,0.0,0.35294117647058826,0.29411764705882354,0.0,0.4117647058823529,33.35294117647059,0.29411764705882354,0.0,49.0,20.0,4.470588235294118,20.823529411764707,4.823529411764706,6.588235294117647,0.5882352941176471,1,100.5
0.8823529411764706,0.35294117647058826,0.35294117647058826,0.11764705882352941,0.0,0.29411764705882354,0.058823529411764705,0.5294117647058824,0.7647058823529411,0.0,0.0,0.23529411764705882,0.23529411764705882,0.0,0.29411764705882354,15.764705882352942,0.5294117647058824,0.0,30.41176470588235,12.117647058823529,1.588235294117647,16.529411764705884,1.0,3.1176470588235294,0.11764705882352941,1,71.13
0.7647058823529411,0.23529411764705882,0.7058823529411765,1.2941176470588236,0.0,0.17647058823529413,0.0,0.4117647058823529,0.4117647058823529,0.0,0.0,0.35294117647058826,0.5294117647058824,0.0,0.35294117647058826,20.11764705882353,0.23529411764705882,0.0,39.529411764705884,16.352941176470587,0.8235294117647058,21.41176470588235,0.23529411764705882,4.352941176470588,0.058823529411764705,1,103.2
0.0,0.11764705882352941,0.47058823529411764,2.176470588235294,0.0,0.0,0.0,0.0,0.35294117647058826,0.0,0.0,0.47058823529411764,0.11764705882352941,0.0,0.0,8.0,0.17647058823529413,0.0,11.529411764705882,0.47058823529411764,0.8823529411764706,2.3529411764705883,4.588235294117647,5.117647058823529,0.0,1,100.0
0.23529411764705882,0.4117647058823529,0.47058823529411764,1.8235294117647058,0.0,0.5882352941176471,0.0,0.4117647058823529,2.0,0.0,0.0,0.23529411764705882,0.7058823529411765,0.0,0.5882352941176471,35.64705882352941,0.9411764705882353,0.0,51.64705882352941,21.176470588235293,3.764705882352941,24.941176470588236,2.2941176470588234,3.823529411764706,0.058823529411764705,1,93.41
0.11764705882352941,0.5294117647058824,0.23529411764705882,1.0,0.0,0.17647058823529413,0.0,0.7058823529411765,0.7647058823529411,0.0,0.0,0.0,0.8235294117647058,0.0,0.29411764705882354,15.0,0.5294117647058824,0.0,34.294117647058826,10.294117647058824,2.0588235294117645,6.470588235294118,0.0,1.5294117647058822,0.0,1,67.19
1.1764705882352942,0.17647058823529413,0.7058823529411765,0.8235294117647058,0.0,0.23529411764705882,0.0,0.4117647058823529,1.0,0.0,0.0,0.35294117647058826,0.8823529411764706,0.0,0.4117647058823529,28.705882352941178,1.0,0.0,56.588235294117645,23.176470588235293,4.411764705882353,17.58823529411765,0.0,3.6470588235294117,0.0,1,98.7
1.1176470588235294,0.17647058823529413,0.8235294117647058,1.0588235294117647,0.0,0.11764705882352941,0.0,0.35294117647058826,1.4705882352941178,0.0,0.0,0.35294117647058826,0.7058823529411765,0.0,0.4117647058823529,26.41176470588235,0.8823529411764706,0.0,62.411764705882355,18.470588235294116,2.411764705882353,20.764705882352942,0.0,4.294117647058823,0.0,1,99.0
0.5882352941176471,0.17647058823529413,0.35294117647058826,1.1176470588235294,0.0,0.11764705882352941,0.0,0.35294117647058826,1.1764705882352942,0.0,0.0,0.11764705882352941,0.17647058823529413,0.0,0.35294117647058826,22.0,0.5294117647058824,0.0,30.058823529411764,1.8823529411764706,3.2941176470588234,17.41176470588235,0.8823529411764706,3.0588235294117645,0.0,1,97.21
1.1764705882352942,0.058823529411764705,0.7058823529411765,2.0588235294117645,0.0,0.5294117647058824,0.0,0.35294117647058826,1.4705882352941178,0.0,0.0,0.23529411764705882,0.9411764705882353,0.0,0.4117647058823529,35.0,2.1176470588235294,0.0,86.82352941176471,14.352941176470589,3.764705882352941,30.941176470588236,2.2941176470588234,4.117647058823529,0.8235294117647058,1,106.9
0.23529411764705882,0.058823529411764705,0.23529411764705882,0.0,0.0,0.17647058823529413,0.0,0.35294117647058826,0.6470588235294118,0.0,0.0,0.0,0.4117647058823529,0.0,0.29411764705882354,22.823529411764707,0.29411764705882354,0.0,53.588235294117645,16.352941176470587,1.2352941176470589,15.411764705882353,0.35294117647058826,2.7058823529411766,0.0,1,89.47
0.35294117647058826,0.29411764705882354,0.47058823529411764,0.4117647058823529,0.0,0.29411764705882354,0.0,0.5294117647058824,1.0588235294117647,0.0,0.0,0.23529411764705882,0.4117647058823529,0.0,0.35294117647058826,28.058823529411764,0.6470588235294118,0.0,65.52941176470588,14.176470588235293,2.8823529411764706,26.705882352941178,0.17647058823529413,4.0,0.0,1,96.28
0.7058823529411765,0.35294117647058826,0.7058823529411765,1.0,0.0,0.6470588235294118,0.0,0.35294117647058826,1.1176470588235294,0.0,0.0,0.47058823529411764,0.4117647058823529,0.0,0.23529411764705882,18.705882352941178,0.5294117647058824,0.0,47.64705882352941,13.294117647058824,4.352941176470588,13.823529411764707,0.17647058823529413,4.764705882352941,0.0,1,102.2
0.0,0.058823529411764705,0.23529411764705882,1.5294117647058822,0.0,0.23529411764705882,0.0,0.0,0.9411764705882353,0.0,0.0,0.23529411764705882,0.11764705882352941,0.0,0.0,16.058823529411764,0.5882352941176471,0.0,17.294117647058822,5.117647058823529,1.411764705882353,6.9411764705882355,2.0588235294117645,3.9411764705882355,0.11764705882352941,1,95.0
0.5882352941176471,0.47058823529411764,0.35294117647058826,1.0588235294117647,0.0,0.4117647058823529,0.0,0.4117647058823529,2.5294117647058822,0.0,0.0,0.11764705882352941,0.4117647058823529,0.0,0.4117647058823529,23.176470588235293,0.6470588235294118,0.0,68.41176470588235,16.647058823529413,2.7058823529411766,31.823529411764707,0.7647058823529411,2.7058823529411766,0.058823529411764705,1,101.7
0.5294117647058824,0.058823529411764705,0.47058823529411764,0.35294117647058826,0.0,0.17647058823529413,0.0,0.47058823529411764,1.1176470588235294,0.0,0.0,0.11764705882352941,0.5294117647058824,0.0,0.47058823529411764,17.11764705882353,0.5882352941176471,0.0,74.6470588235294,14.470588235294118,2.8823529411764706,34.470588235294116,0.29411764705882354,3.0588235294117645,0.0,1,93.5
0.8823529411764706,0.47058823529411764,0.8235294117647058,2.1176470588235294,0.0,0.35294117647058826,0.0,0.35294117647058826,1.5294117647058822,0.0,0.0,0.35294117647058826,0.7058823529411765,0.0,0.47058823529411764,36.8235294117647,0.6470588235294118,0.0,67.17647058823529,33.88235294117647,1.9411764705882353,27.0,0.7647058823529411,6.764705882352941,0.0,1,101.9
0.47058823529411764,1.0588235294117647,1.0588235294117647,11.764705882352942,0.0,1.3529411764705883,0.0,1.2352941176470589,2.0,0.0,0.0,0.5882352941176471,0.6470588235294118,0.0,1.411764705882353,28.823529411764707,0.17647058823529413,0.0,36.35294117647059,10.705882352941176,5.470588235294118,10.647058823529411,1.8823529411764706,5.411764705882353,0.0,1,45.25
0.4117647058823529,0.5882352941176471,0.35294117647058826,0.7647058823529411,0.0,0.23529411764705882,0.0,0.7647058823529411,1.6470588235294117,0.0,0.0,0.11764705882352941,0.11764705882352941,0.0,0.47058823529411764,16.823529411764707,0.47058823529411764,0.0,47.470588235294116,1.2941176470588236,2.764705882352941,18.58823529411765,0.6470588235294118,3.588235294117647,0.0,1,86.74
0.0,0.11764705882352941,0.23529411764705882,0.5294117647058824,0.0,0.0,0.0,0.0,0.17647058823529413,0.0,0.0,0.23529411764705882,0.0,0.0,0.0,2.9411764705882355,0.0,0.0,4.0,0.0,0.0,0.11764705882352941,0.0,4.235294117647059,0.0,1,100.0
1.2941176470588236,0.4117647058823529,1.2941176470588236,4.823529411764706,0.0,0.7058823529411765,0.058823529411764705,0.47058823529411764,1.7058823529411764,0.0,0.0,0.8235294117647058,0.5882352941176471,0.0,1.1764705882352942,45.76470588235294,1.4705882352941178,0.0,58.11764705882353,23.764705882352942,4.588235294117647,40.529411764705884,7.294117647058823,9.352941176470589,0.058823529411764705,1,108.5
2.5294117647058822,0.47058823529411764,0.5882352941176471,0.47058823529411764,0.0,1.7058823529411764,0.0,0.5882352941176471,2.0,0.0,0.0,0.23529411764705882,0.7058823529411765,0.0,5.411764705882353,90.94117647058823,1.0,0.0,146.2941176470588,27.647058823529413,5.9411764705882355,39.8235294117647,0.0,7.294117647058823,0.0,1,75.96
1.2352941176470589,0.4117647058823529,0.8235294117647058,16.41176470588235,0.0,0.47058823529411764,0.0,0.4117647058823529,1.8235294117647058,0.0,0.0,0.35294117647058826,0.6470588235294118,0.0,0.7058823529411765,47.11764705882353,1.7058823529411764,0.0,69.41176470588235,21.11764705882353,7.411764705882353,30.176470588235293,3.1176470588235294,7.117647058823529,0.0,1,94.1
0.5882352941176471,0.47058823529411764,0.5882352941176471,0.35294117647058826,0.0,0.23529411764705882,0.0,0.5294117647058824,1.1764705882352942,0.0,0.0,0.35294117647058826,0.11764705882352941,0.0,0.5294117647058824,36.588235294117645,0.29411764705882354,0.0,60.8235294117647,23.58823529411765,3.8823529411764706,44.64705882352941,4.0,6.705882352941177,0.11764705882352941,1,97.4
0.23529411764705882,0.23529411764705882,0.8235294117647058,3.0588235294117645,0.0,0.29411764705882354,0.0,0.4117647058823529,0.9411764705882353,0.0,0.0,0.35294117647058826,0.47058823529411764,0.0,0.4117647058823529,28.176470588235293,0.8235294117647058,0.0,32.76470588235294,14.235294117647058,1.7647058823529411,15.588235294117647,13.647058823529411,5.235294117647059,0.11764705882352941,1,98.29
0.47058823529411764,0.29411764705882354,0.7058823529411765,0.8235294117647058,0.0,0.23529411764705882,0.0,0.5294117647058824,1.1764705882352942,0.0,0.0,0.47058823529411764,0.6470588235294118,0.0,0.4117647058823529,29.941176470588236,0.8235294117647058,0.0,43.35294117647059,23.470588235294116,3.235294117647059,21.235294117647058,1.411764705882353,6.882352941176471,0.17647058823529413,1,104.4
1.1764705882352942,0.29411764705882354,0.23529411764705882,3.588235294117647,0.0,0.5882352941176471,0.0,0.4117647058823529,1.8823529411764706,0.0,0.0,0.0,0.7647058823529411,0.0,0.5294117647058824,46.705882352941174,0.7058823529411765,0.0,72.52941176470588,16.823529411764707,8.882352941176471,27.11764705882353,0.0,4.882352941176471,0.0,1,90.33
0.8823529411764706,0.23529411764705882,0.5882352941176471,3.176470588235294,0.0,0.29411764705882354,0.0,0.4117647058823529,2.235294117647059,0.0,0.0,0.11764705882352941,0.6470588235294118,0.0,0.35294117647058826,37.11764705882353,0.8235294117647058,0.0,75.58823529411765,22.235294117647058,4.647058823529412,16.941176470588236,5.294117647058823,5.117647058823529,2.3529411764705883,1,85.59
0.0,0.058823529411764705,0.23529411764705882,2.4705882352941178,0.0,0.058823529411764705,0.0,0.0,0.4117647058823529,0.0,0.0,0.23529411764705882,0.11764705882352941,0.0,0.0,9.529411764705882,0.23529411764705882,0.0,11.705882352941176,0.17647058823529413,0.9411764705882353,2.4705882352941178,0.29411764705882354,4.0588235294117645,0.058823529411764705,1,98.0
0.0,0.11764705882352941,0.23529411764705882,3.0,0.0,0.29411764705882354,0.0,0.0,0.7058823529411765,0.0,0.0,0.23529411764705882,0.058823529411764705,0.0,0.0,8.941176470588236,0.5294117647058824,0.0,11.470588235294118,0.17647058823529413,1.3529411764705883,4.529411764705882,0.0,3.823529411764706,0.0,1,99.0
0.11764705882352941,0.17647058823529413,0.8235294117647058,0.4117647058823529,0.0,0.29411764705882354,0.0,0.35294117647058826,1.0,0.0,0.0,0.35294117647058826,0.17647058823529413,0.0,0.4117647058823529,19.11764705882353,0.5882352941176471,0.0,35.294117647058826,1.1176470588235294,1.8823529411764706,7.529411764705882,1.2941176470588236,4.764705882352941,0.0,1,93.81
0.47058823529411764,0.29411764705882354,0.7058823529411765,1.1176470588235294,0.0,0.29411764705882354,0.0,0.47058823529411764,1.0,0.0,0.0,0.35294117647058826,0.35294117647058826,0.0,0.35294117647058826,19.58823529411765,0.5882352941176471,0.0,45.1764705882353,7.470588235294118,3.0,31.941176470588236,0.35294117647058826,3.6470588235294117,0.0,1,96.96
0.0,0.11764705882352941,0.35294117647058826,0.35294117647058826,0.0,0.0,0.0,0.4117647058823529,1.3529411764705883,0.0,0.0,0.11764705882352941,0.5294117647058824,0.0,0.47058823529411764,11.0,0.11764705882352941,0.0,27.58823529411765,9.470588235294118,0.8235294117647058,7.764705882352941,0.23529411764705882,2.6470588235294117,0.0,1,76.98
0.23529411764705882,0.5882352941176471,0.7058823529411765,1.6470588235294117,0.0,0.5294117647058824,0.0,0.4117647058823529,1.8235294117647058,0.0,0.0,0.47058823529411764,0.17647058823529413,0.0,0.23529411764705882,23.941176470588236,0.47058823529411764,0.0,56.411764705882355,23.41176470588235,3.2941176470588234,17.058823529411764,0.0,4.411764705882353,0.0,1,78.58
0.5294117647058824,0.35294117647058826,0.47058823529411764,1.588235294117647,0.0,1.2941176470588236,0.0,0.058823529411764705,2.1176470588235294,0.0,0.0,0.0,0.7647058823529411,0.0,0.47058823529411764,34.705882352941174,0.5882352941176471,0.0,50.294117647058826,14.0,4.0588235294117645,15.588235294117647,2.9411764705882355,3.3529411764705883,0.11764705882352941,1,82.97
0.5294117647058824,0.11764705882352941,0.5882352941176471,0.35294117647058826,0.0,0.11764705882352941,0.0,0.4117647058823529,0.5882352941176471,0.0,0.0,0.35294117647058826,0.5882352941176471,0.0,0.35294117647058826,21.647058823529413,0.5882352941176471,0.0,48.88235294117647,10.941176470588236,3.4705882352941178,12.941176470588236,1.0,3.176470588235294,0.23529411764705882,1,96.66
0.7058823529411765,0.11764705882352941,0.47058823529411764,0.6470588235294118,0.0,0.6470588235294118,0.0,0.35294117647058826,2.4705882352941178,0.0,0.0,0.23529411764705882,0.6470588235294118,0.0,1.1176470588235294,19.11764705882353,0.6470588235294118,0.0,32.705882352941174,18.941176470588236,3.0588235294117645,13.470588235294118,1.0588235294117647,3.411764705882353,0.0,1,91.4
0.0,0.058823529411764705,0.7058823529411765,0.11764705882352941,0.0,0.058823529411764705,0.0,0.5294117647058824,0.47058823529411764,0.0,0.0,0.47058823529411764,0.47058823529411764,0.0,0.35294117647058826,9.352941176470589,0.23529411764705882,0.0,25.0,9.117647058823529,1.6470588235294117,5.470588235294118,0.0,4.0,0.0,1,25.47
0.47058823529411764,0.058823529411764705,0.23529411764705882,2.0588235294117645,0.0,0.17647058823529413,0.0,0.35294117647058826,1.1764705882352942,0.0,0.0,0.0,0.7058823529411765,0.0,0.35294117647058826,31.88235294117647,0.8235294117647058,0.0,49.64705882352941,15.235294117647058,1.411764705882353,27.352941176470587,1.588235294117647,1.7647058823529411,0.0,3,104.9
0.7647058823529411,0.5882352941176471,0.8235294117647058,2.235294117647059,0.0,0.058823529411764705,0.0,0.5294117647058824,2.2941176470588234,0.0,0.0,0.35294117647058826,0.29411764705882354,0.0,0.4117647058823529,53.529411764705884,0.8823529411764706,0.0,148.35294117647058,13.941176470588236,6.470588235294118,24.941176470588236,5.705882352941177,5.470588235294118,0.058823529411764705,3,68.97
0.17647058823529413,0.29411764705882354,0.47058823529411764,6.470588235294118,0.0,0.35294117647058826,0.0,0.4117647058823529,0.5882352941176471,0.0,0.0,0.23529411764705882,0.5882352941176471,0.0,0.35294117647058826,25.41176470588235,1.1176470588235294,0.0,54.64705882352941,13.882352941176471,4.235294117647059,26.764705882352942,0.17647058823529413,3.176470588235294,0.058823529411764705,3,91.19
0.7647058823529411,0.47058823529411764,1.2941176470588236,1.5294117647058822,0.0,0.8235294117647058,0.0,0.5882352941176471,1.6470588235294117,0.0,0.0,0.8235294117647058,0.6470588235294118,0.0,0.35294117647058826,35.05882352941177,1.5294117647058822,0.0,79.52941176470588,14.352941176470589,4.823529411764706,29.647058823529413,0.5294117647058824,5.9411764705882355,0.0,3,97.08
0.8235294117647058,0.29411764705882354,0.8235294117647058,2.588235294117647,0.0,0.23529411764705882,0.0,0.47058823529411764,1.2941176470588236,0.0,0.0,0.47058823529411764,0.47058823529411764,0.0,1.0,25.235294117647058,0.23529411764705882,0.0,40.705882352941174,13.352941176470589,2.588235294117647,28.11764705882353,0.5882352941176471,4.294117647058823,0.0,3,92.68
0.5882352941176471,0.4117647058823529,0.5882352941176471,2.0,0.0,0.29411764705882354,0.0,0.35294117647058826,2.8823529411764706,0.0,0.0,0.0,0.7058823529411765,0.0,0.47058823529411764,35.05882352941177,1.4705882352941178,0.0,95.94117647058823,14.764705882352942,4.9411764705882355,13.0,1.7058823529411764,4.0,0.23529411764705882,3,85.89
1.0588235294117647,0.23529411764705882,0.5882352941176471,4.882352941176471,0.0,0.058823529411764705,0.0,0.35294117647058826,2.176470588235294,0.0,0.0,0.11764705882352941,0.7058823529411765,0.0,0.8235294117647058,36.8235294117647,0.8823529411764706,0.0,59.529411764705884,11.411764705882353,7.352941176470588,28.764705882352942,1.5294117647058822,4.764705882352941,0.058823529411764705,3,93.99
0.6470588235294118,0.35294117647058826,0.7058823529411765,3.9411764705882355,0.0,0.17647058823529413,0.0,0.23529411764705882,0.8823529411764706,0.0,0.0,0.47058823529411764,0.35294117647058826,0.0,0.7058823529411765,28.647058823529413,0.47058823529411764,0.0,40.1764705882353,18.764705882352942,2.176470588235294,24.58823529411765,6.470588235294118,4.588235294117647,0.5882352941176471,3,95.73
2.235294117647059,0.7058823529411765,0.7058823529411765,1.2941176470588236,0.0,1.4705882352941178,0.11764705882352941,0.7647058823529411,2.5294117647058822,0.0,0.0,0.23529411764705882,1.0,0.0,1.5294117647058822,51.35294117647059,0.5882352941176471,0.0,122.52941176470588,16.647058823529413,1.9411764705882353,26.176470588235293,6.176470588235294,6.0588235294117645,0.058823529411764705,3,72.35
0.29411764705882354,0.17647058823529413,0.5882352941176471,0.0,0.0,0.058823529411764705,0.0,0.47058823529411764,0.47058823529411764,0.0,0.0,0.35294117647058826,0.35294117647058826,0.0,0.5882352941176471,17.647058823529413,0.11764705882352941,0.0,21.470588235294116,9.764705882352942,1.1764705882352942,14.0,2.4705882352941178,3.4705882352941178,0.0,3,96.87
0.5294117647058824,0.6470588235294118,0.5882352941176471,5.9411764705882355,0.0,0.5882352941176471,0.0,0.47058823529411764,2.8823529411764706,0.0,0.0,0.11764705882352941,0.5294117647058824,0.0,0.6470588235294118,53.0,2.3529411764705883,0.0,67.3529411764706,12.588235294117647,7.588235294117647,31.058823529411764,4.352941176470588,5.647058823529412,0.23529411764705882,3,93.2
0.5294117647058824,0.0,0.7058823529411765,0.5294117647058824,0.0,0.058823529411764705,0.0,0.17647058823529413,1.1176470588235294,0.0,0.0,0.35294117647058826,0.5294117647058824,0.0,0.35294117647058826,16.0,0.29411764705882354,0.0,30.058823529411764,0.7058823529411765,3.176470588235294,41.705882352941174,0.8235294117647058,4.294117647058823,0.058823529411764705,3,80.66
0.29411764705882354,0.17647058823529413,0.7058823529411765,1.0,0.0,0.23529411764705882,0.0,0.35294117647058826,0.4117647058823529,0.0,0.0,0.47058823529411764,0.6470588235294118,0.0,0.29411764705882354,16.764705882352942,0.4117647058823529,0.0,40.411764705882355,10.941176470588236,2.176470588235294,24.294117647058822,0.17647058823529413,4.0,0.0,3,102.67
0.47058823529411764,0.11764705882352941,0.23529411764705882,2.3529411764705883,0.0,0.17647058823529413,0.0,0.35294117647058826,1.0588235294117647,0.0,0.0,0.0,0.7058823529411765,0.0,0.35294117647058826,30.352941176470587,1.2941176470588236,0.0,31.470588235294116,17.764705882352942,3.4705882352941178,29.176470588235293,1.4705882352941178,2.1176470588235294,0.058823529411764705,3,99.27
0.11764705882352941,0.058823529411764705,0.7058823529411765,0.29411764705882354,0.0,0.058823529411764705,0.0,0.4117647058823529,1.0,0.0,0.0,0.35294117647058826,0.6470588235294118,0.0,0.29411764705882354,15.647058823529411,0.47058823529411764,0.0,36.1764705882353,11.823529411764707,3.8823529411764706,18.941176470588236,0.17647058823529413,3.4705882352941178,0.0,3,103.3
0.17647058823529413,0.11764705882352941,0.7058823529411765,0.5882352941176471,0.0,0.17647058823529413,0.0,0.47058823529411764,0.8823529411764706,0.0,0.0,0.47058823529411764,0.7058823529411765,0.0,0.4117647058823529,17.764705882352942,0.4117647058823529,0.0,29.176470588235293,21.352941176470587,3.0,15.823529411764707,0.11764705882352941,5.0,0.0,3,92.32
0.0,0.11764705882352941,0.11764705882352941,0.0,0.0,0.17647058823529413,0.0,0.29411764705882354,0.5882352941176471,0.0,0.0,0.0,0.17647058823529413,0.0,0.0,6.470588235294118,0.17647058823529413,0.0,19.41176470588235,2.1176470588235294,1.1764705882352942,5.176470588235294,0.058823529411764705,0.8235294117647058,0.0,3,23.98
0.7647058823529411,0.4117647058823529,0.5882352941176471,14.294117647058824,0.0,0.23529411764705882,0.0,0.4117647058823529,1.7058823529411764,0.0,0.0,0.35294117647058826,0.7647058823529411,0.0,0.4117647058823529,58.529411764705884,0.47058823529411764,0.0,53.35294117647059,26.764705882352942,6.411764705882353,15.529411764705882,9.705882352941176,5.117647058823529,0.0,4,101.25
0.7058823529411765,0.6470588235294118,0.5882352941176471,7.470588235294118,0.0,2.0,0.0,0.8823529411764706,5.176470588235294,0.0,0.0,0.0,1.0588235294117647,0.0,0.35294117647058826,43.35294117647059,1.1764705882352942,0.0,104.23529411764706,16.58823529411765,10.176470588235293,24.058823529411764,3.176470588235294,4.352941176470588,0.17647058823529413,4,52.13
0.4117647058823529,0.47058823529411764,0.5882352941176471,0.4117647058823529,0.0,0.17647058823529413,0.0,0.4117647058823529,1.1176470588235294,0.0,0.0,0.35294117647058826,0.6470588235294118,0.0,0.29411764705882354,43.23529411764706,1.4705882352941178,0.0,48.64705882352941,22.647058823529413,3.7058823529411766,23.0,1.6470588235294117,6.588235294117647,0.11764705882352941,4,68.94
0.35294117647058826,0.5882352941176471,0.47058823529411764,2.0588235294117645,0.0,0.23529411764705882,0.0,0.7058823529411765,1.7058823529411764,0.0,0.0,0.23529411764705882,0.8235294117647058,0.0,0.47058823529411764,33.588235294117645,1.2352941176470589,0.0,53.94117647058823,22.58823529411765,3.0,29.705882352941178,3.0,3.9411764705882355,0.6470588235294118,4,72.02
0.5294117647058824,0.47058823529411764,0.8235294117647058,2.3529411764705883,0.0,0.17647058823529413,0.058823529411764705,0.35294117647058826,1.3529411764705883,0.0,0.0,0.5882352941176471,0.6470588235294118,0.0,0.4117647058823529,30.58823529411765,0.4117647058823529,0.0,44.1764705882353,17.529411764705884,2.411764705882353,29.176470588235293,0.0,8.529411764705882,0.0,4,100.2
1.1176470588235294,0.6470588235294118,0.23529411764705882,6.0588235294117645,0.0,0.6470588235294118,0.0,0.4117647058823529,1.411764705882353,0.0,0.0,0.0,0.7058823529411765,0.0,0.47058823529411764,29.88235294117647,0.4117647058823529,0.0,45.05882352941177,12.176470588235293,6.352941176470588,10.647058823529411,4.0588235294117645,3.0588235294117645,0.5882352941176471,4,65.18
1.1176470588235294,0.11764705882352941,0.5882352941176471,10.470588235294118,0.0,0.058823529411764705,0.0,0.0,1.6470588235294117,0.0,0.0,0.35294117647058826,0.7647058823529411,0.0,0.4117647058823529,16.941176470588236,0.23529411764705882,0.0,21.176470588235293,7.0,5.294117647058823,6.882352941176471,0.47058823529411764,2.3529411764705883,0.058823529411764705,4,72.98
0.8235294117647058,0.17647058823529413,0.47058823529411764,1.1764705882352942,0.0,0.35294117647058826,0.0,0.4117647058823529,0.7647058823529411,0.0,0.0,0.23529411764705882,0.7058823529411765,0.0,0.5294117647058824,23.058823529411764,0.6470588235294118,0.0,36.8235294117647,17.823529411764707,2.823529411764706,18.529411764705884,0.0,3.588235294117647,0.0,4,102.98
0.5294117647058824,0.5294117647058824,0.7058823529411765,1.1176470588235294,0.0,0.058823529411764705,0.0,0.47058823529411764,0.8823529411764706,0.0,0.0,0.47058823529411764,0.5294117647058824,0.0,0.35294117647058826,20.0,0.5882352941176471,0.0,59.88235294117647,26.0,3.411764705882353,19.941176470588236,0.9411764705882353,4.0588235294117645,0.0,4,97.6
0.47058823529411764,0.17647058823529413,0.35294117647058826,1.588235294117647,0.0,0.11764705882352941,0.0,0.47058823529411764,0.8823529411764706,0.0,0.0,0.11764705882352941,0.7058823529411765,0.0,0.23529411764705882,13.764705882352942,0.5882352941176471,0.0,29.823529411764707,11.588235294117647,3.0588235294117645,21.235294117647058,0.058823529411764705,2.1176470588235294,0.0,4,92.77
0.35294117647058826,0.47058823529411764,0.5882352941176471,9.470588235294118,0.0,0.8235294117647058,0.0,0.47058823529411764,1.7058823529411764,0.0,0.0,0.35294117647058826,0.5294117647058824,0.0,0.8235294117647058,38.05882352941177,0.6470588235294118,0.0,83.29411764705883,43.11764705882353,4.294117647058823,28.705882352941178,0.11764705882352941,4.588235294117647,0.0,4,73.46
0.29411764705882354,0.23529411764705882,0.23529411764705882,0.23529411764705882,0.0,0.11764705882352941,0.0,0.17647058823529413,1.1176470588235294,0.0,0.0,0.0,0.6470588235294118,0.0,0.23529411764705882,16.352941176470587,0.6470588235294118,0.0,24.058823529411764,8.176470588235293,4.411764705882353,11.529411764705882,0.23529411764705882,1.1764705882352942,0.0,4,84.83
0.8235294117647058,0.058823529411764705,0.23529411764705882,0.5294117647058824,0.0,0.0,0.0,0.35294117647058826,0.17647058823529413,0.0,0.0,0.0,0.7058823529411765,0.0,0.29411764705882354,15.529411764705882,0.17647058823529413,0.0,31.0,8.352941176470589,4.411764705882353,9.0,0.4117647058823529,1.1764705882352942,0.0,4,93.51
0.0,0.0,0.11764705882352941,1.7647058823529411,0.0,0.058823529411764705,0.0,0.17647058823529413,0.47058823529411764,0.0,0.0,0.0,0.35294117647058826,0.0,0.0,16.823529411764707,0.17647058823529413,0.0,34.23529411764706,6.470588235294118,2.176470588235294,19.0,0.5294117647058824,1.1176470588235294,0.0,4,26.84
1.7058823529411764,0.5882352941176471,0.8235294117647058,5.529411764705882,0.0,0.5882352941176471,0.0,0.8235294117647058,1.9411764705882353,0.0,0.0,0.0,0.8235294117647058,0.0,1.0,38.588235294117645,0.5882352941176471,0.0,79.52941176470588,3.588235294117647,5.882352941176471,25.941176470588236,0.6470588235294118,8.647058823529411,0.0,1,62.38
0.8823529411764706,0.29411764705882354,0.8235294117647058,6.176470588235294,0.0,0.23529411764705882,0.0,0.5882352941176471,1.7647058823529411,0.0,0.0,0.11764705882352941,0.17647058823529413,0.0,0.5882352941176471,33.94117647058823,0.5294117647058824,0.0,82.05882352941177,0.29411764705882354,7.705882352941177,10.882352941176471,2.176470588235294,6.705882352941177,0.058823529411764705,1,89.5
1.0,0.4117647058823529,0.7058823529411765,0.0,0.0,0.058823529411764705,0.0,0.35294117647058826,0.4117647058823529,0.0,0.0,0.47058823529411764,0.47058823529411764,0.0,0.29411764705882354,11.823529411764707,0.29411764705882354,0.0,33.8235294117647,2.8823529411764706,0.23529411764705882,23.11764705882353,0.6470588235294118,4.470588235294118,0.0,1,98.0
0.5882352941176471,0.6470588235294118,1.0588235294117647,0.058823529411764705,0.0,0.17647058823529413,0.0,0.6470588235294118,1.0,0.0,0.0,0.47058823529411764,0.7647058823529411,0.0,0.29411764705882354,11.117647058823529,0.0,0.0,25.470588235294116,1.9411764705882353,3.7058823529411766,6.294117647058823,0.23529411764705882,5.294117647058823,0.0,1,69.64
0.29411764705882354,0.0,0.5882352941176471,0.23529411764705882,0.0,0.5882352941176471,0.0,0.35294117647058826,0.8235294117647058,0.0,0.0,0.35294117647058826,0.23529411764705882,0.0,0.47058823529411764,16.647058823529413,0.47058823529411764,0.0,19.294117647058822,0.6470588235294118,3.2941176470588234,15.176470588235293,1.3529411764705883,3.4705882352941178,0.0,1,78.26
0.7058823529411765,0.7647058823529411,0.9411764705882353,2.176470588235294,0.0,0.9411764705882353,0.058823529411764705,0.35294117647058826,1.8235294117647058,0.0,0.0,0.7058823529411765,0.6470588235294118,0.0,0.29411764705882354,15.235294117647058,0.47058823529411764,0.0,18.58823529411765,2.4705882352941178,2.0588235294117645,15.117647058823529,0.29411764705882354,8.411764705882353,0.058823529411764705,1,90.11
0.6470588235294118,0.5294117647058824,0.47058823529411764,0.7647058823529411,0.0,0.8235294117647058,0.0,0.5882352941176471,1.2941176470588236,0.0,0.0,0.35294117647058826,0.7058823529411765,0.0,0.4117647058823529,29.352941176470587,0.6470588235294118,0.0,65.0,1.0588235294117647,7.882352941176471,11.176470588235293,0.0,3.235294117647059,0.0,1,70.69
0.8235294117647058,0.8235294117647058,0.5882352941176471,0.11764705882352941,0.0,0.7647058823529411,0.0,0.47058823529411764,1.6470588235294117,0.0,0.0,0.11764705882352941,0.7647058823529411,0.0,0.29411764705882354,44.8235294117647,0.5882352941176471,0.0,51.1764705882353,2.2941176470588234,8.647058823529411,25.352941176470587,0.0,3.9411764705882355,0.0,1,96.8
0.29411764705882354,0.0,0.47058823529411764,0.058823529411764705,0.0,0.058823529411764705,0.0,0.5294117647058824,0.29411764705882354,0.0,0.0,0.11764705882352941,0.5882352941176471,0.0,0.35294117647058826,8.176470588235293,0.11764705882352941,0.0,7.117647058823529,0.0,4.0588235294117645,5.0588235294117645,0.17647058823529413,2.4705882352941178,0.0,1,81.07
0.5882352941176471,0.5294117647058824,0.7058823529411765,0.17647058823529413,0.0,0.8235294117647058,0.0,0.5882352941176471,1.0588235294117647,0.0,0.0,0.23529411764705882,0.7647058823529411,0.0,0.4117647058823529,23.764705882352942,0.11764705882352941,0.0,42.411764705882355,1.7647058823529411,4.882352941176471,14.235294117647058,2.8823529411764706,4.764705882352941,0.5882352941176471,1,65.26
1.5294117647058822,0.47058823529411764,0.8235294117647058,4.764705882352941,0.0,0.17647058823529413,0.0,0.6470588235294118,0.9411764705882353,0.0,0.0,0.47058823529411764,0.7058823529411765,0.0,0.5294117647058824,24.235294117647058,0.5882352941176471,0.0,58.05882352941177,2.764705882352941,5.9411764705882355,29.235294117647058,0.6470588235294118,5.0588235294117645,0.11764705882352941,1,92.96
0.7058823529411765,0.17647058823529413,0.5882352941176471,0.7058823529411765,0.0,0.6470588235294118,0.0,0.4117647058823529,1.5294117647058822,0.0,0.0,0.11764705882352941,0.7058823529411765,0.0,0.4117647058823529,20.88235294117647,1.2352941176470589,0.0,35.64705882352941,2.3529411764705883,4.470588235294118,20.470588235294116,0.058823529411764705,4.411764705882353,0.0,1,96.47
0.7647058823529411,0.4117647058823529,0.5882352941176471,1.0,0.0,0.7058823529411765,0.0,0.35294117647058826,2.411764705882353,0.0,0.0,0.23529411764705882,0.7058823529411765,0.0,0.35294117647058826,42.411764705882355,0.8235294117647058,0.0,46.88235294117647,8.705882352941176,9.117647058823529,35.76470588235294,0.4117647058823529,3.5294117647058822,0.058823529411764705,1,102.7
0.0,0.29411764705882354,0.11764705882352941,4.117647058823529,0.0,0.8235294117647058,0.0,0.35294117647058826,1.6470588235294117,0.0,0.0,0.0,0.17647058823529413,0.0,0.29411764705882354,22.823529411764707,0.7647058823529411,0.0,51.0,5.294117647058823,5.823529411764706,10.176470588235293,1.3529411764705883,1.588235294117647,0.47058823529411764,1,16.49
0.0,0.11764705882352941,0.0,1.2352941176470589,0.0,0.058823529411764705,0.0,0.0,0.4117647058823529,0.0,0.0,0.0,0.11764705882352941,0.0,0.0,6.411764705882353,0.47058823529411764,0.0,20.176470588235293,0.4117647058823529,2.3529411764705883,4.0588235294117645,0.058823529411764705,0.11764705882352941,0.0,1,3.95
0.0,0.47058823529411764,0.35294117647058826,2.2941176470588234,0.0,0.23529411764705882,0.0,0.17647058823529413,0.7058823529411765,0.0,0.0,0.11764705882352941,0.17647058823529413,0.0,0.35294117647058826,28.941176470588236,1.1764705882352942,0.0,80.29411764705883,16.529411764705884,3.0,18.88235294117647,1.6470588235294117,3.0,0.0,4,86.9
0.11764705882352941,0.5882352941176471,0.35294117647058826,1.1764705882352942,0.0,0.058823529411764705,0.0,0.5882352941176471,1.5294117647058822,0.0,0.0,0.11764705882352941,0.8823529411764706,0.0,0.5294117647058824,35.76470588235294,1.2941176470588236,0.0,45.11764705882353,21.294117647058822,7.235294117647059,20.705882352941178,1.1176470588235294,3.235294117647059,0.0,4,93.33
0.0,0.7058823529411765,0.47058823529411764,0.7647058823529411,0.0,0.058823529411764705,0.0,0.7058823529411765,1.1176470588235294,0.0,0.0,0.11764705882352941,0.7058823529411765,0.0,0.23529411764705882,26.11764705882353,0.35294117647058826,0.0,24.235294117647058,16.941176470588236,6.588235294117647,19.470588235294116,0.6470588235294118,4.0,0.0,4,55.61
0.058823529411764705,0.4117647058823529,0.5882352941176471,0.5294117647058824,0.0,0.5882352941176471,0.0,0.4117647058823529,1.411764705882353,0.0,0.0,0.35294117647058826,0.6470588235294118,0.0,0.29411764705882354,40.294117647058826,1.1764705882352942,0.0,67.76470588235294,21.529411764705884,2.9411764705882355,49.588235294117645,0.11764705882352941,5.235294117647059,0.058823529411764705,4,89.73
0.0,0.0,0.23529411764705882,3.6470588235294117,0.0,0.17647058823529413,0.058823529411764705,0.0,0.35294117647058826,0.0,0.0,0.23529411764705882,0.17647058823529413,0.0,0.0,9.058823529411764,0.35294117647058826,0.0,14.941176470588236,2.9411764705882355,0.7647058823529411,3.0,0.5294117647058824,5.352941176470588,0.17647058823529413,4,91.0
0.0,0.29411764705882354,0.7058823529411765,0.47058823529411764,0.0,0.11764705882352941,0.0,0.5882352941176471,0.7647058823529411,0.0,0.0,0.47058823529411764,0.7058823529411765,0.0,0.4117647058823529,14.529411764705882,0.4117647058823529,0.0,22.529411764705884,20.705882352941178,1.5294117647058822,32.11764705882353,1.0588235294117647,6.0,0.11764705882352941,4,90.6
0.058823529411764705,0.11764705882352941,0.5882352941176471,0.9411764705882353,0.0,0.23529411764705882,0.0,0.4117647058823529,0.8235294117647058,0.0,0.0,0.35294117647058826,0.7058823529411765,0.0,0.47058823529411764,24.705882352941178,0.23529411764705882,0.0,35.11764705882353,20.764705882352942,3.7058823529411766,11.470588235294118,0.6470588235294118,5.647058823529412,0.0,4,92.46
0.058823529411764705,0.47058823529411764,0.5882352941176471,1.1764705882352942,0.0,0.47058823529411764,0.058823529411764705,0.35294117647058826,1.3529411764705883,0.0,0.0,0.35294117647058826,0.7058823529411765,0.0,0.4117647058823529,30.352941176470587,1.1764705882352942,0.0,49.588235294117645,19.647058823529413,4.647058823529412,19.0,0.47058823529411764,4.470588235294118,0.0,4,92.38
0.0,0.29411764705882354,0.35294117647058826,0.058823529411764705,0.0,0.6470588235294118,0.0,0.5294117647058824,2.0588235294117645,0.0,0.0,0.11764705882352941,0.11764705882352941,0.0,0.47058823529411764,58.1764705882353,0.23529411764705882,0.0,53.05882352941177,1.7647058823529411,1.6470588235294117,103.05882352941177,55.35294117647059,8.941176470588236,0.35294117647058826,4,93.16
0.0,0.23529411764705882,0.35294117647058826,0.8235294117647058,0.0,0.11764705882352941,0.0,0.4117647058823529,0.7647058823529411,0.0,0.0,0.11764705882352941,0.7058823529411765,0.0,0.4117647058823529,23.235294117647058,0.8235294117647058,0.0,78.29411764705883,15.352941176470589,3.588235294117647,18.41176470588235,0.7647058823529411,2.5294117647058822,0.058823529411764705,4,84.7
0.0,0.9411764705882353,0.5882352941176471,4.235294117647059,0.0,0.29411764705882354,0.0,0.47058823529411764,1.5294117647058822,0.0,0.0,0.35294117647058826,0.7647058823529411,0.0,0.29411764705882354,27.176470588235293,0.23529411764705882,0.0,42.35294117647059,14.705882352941176,5.0588235294117645,13.470588235294118,1.588235294117647,5.117647058823529,0.4117647058823529,4,89.37
0.058823529411764705,0.29411764705882354,0.47058823529411764,0.29411764705882354,0.0,0.058823529411764705,0.0,0.7058823529411765,0.5882352941176471,0.0,0.0,0.23529411764705882,0.8823529411764706,0.0,0.4117647058823529,29.823529411764707,0.9411764705882353,0.0,76.11764705882354,13.470588235294118,4.0,21.58823529411765,0.7647058823529411,4.0,0.058823529411764705,4,79.2
0.0,0.11764705882352941,0.5882352941176471,0.29411764705882354,0.0,0.17647058823529413,0.0,0.35294117647058826,0.7647058823529411,0.0,0.0,0.23529411764705882,0.8235294117647058,0.0,0.4117647058823529,19.294117647058822,1.3529411764705883,0.0,35.94117647058823,12.823529411764707,2.588235294117647,19.823529411764707,0.7058823529411765,3.1176470588235294,0.0,4,91.53
0.0,0.23529411764705882,0.23529411764705882,1.0,0.0,0.0,0.0,0.0,0.17647058823529413,0.0,0.0,0.23529411764705882,0.11764705882352941,0.0,0.0,4.176470588235294,0.11764705882352941,0.0,1.588235294117647,0.0,0.17647058823529413,1.8823529411764706,0.058823529411764705,2.764705882352941,0.0,4,100.0
0.0,0.11764705882352941,0.23529411764705882,0.7647058823529411,0.0,0.0,0.0,0.0,0.23529411764705882,0.0,0.0,0.23529411764705882,0.058823529411764705,0.0,0.0,5.470588235294118,0.23529411764705882,0.0,6.705882352941177,0.0,0.6470588235294118,1.3529411764705883,0.23529411764705882,3.2941176470588234,0.0,4,100.0
